"customer_id","customer_name","total_orders","lifetime_value"
2201,"Bryan Abbott","18","24656.68"
1952,"Robert Smith","15","21497.98"
422,"Lee Owens","17","21385.64"
2685,"Christine Lambert","14","20911.64"
1230,"Adam Scott","14","18918.25"
1783,"Christopher Gregory","16","18601.80"
2320,"Erica Downs","15","18539.61"
460,"Jonathan Morrison","16","18486.15"
2613,"Kimberly Davis","15","18308.94"
1703,"Vanessa Morales","14","18277.47"
1408,"Samantha Parsons","18","18244.79"
635,"Theresa Taylor","18","18081.29"
842,"Penny Hubbard","14","17723.20"
2575,"Hannah Nelson","16","17510.25"
2123,"Tonya Hall","18","17269.81"
614,"Kenneth Terry MD","15","17091.12"
2477,"Daniel Hunter","16","16926.52"
449,"Samuel Moore","13","16877.57"
2461,"James Schneider","14","16725.78"
1151,"Gina Suarez","14","16578.28"
2087,"Cynthia Warren","13","16548.12"
2761,"Christopher Houston","16","16242.32"
792,"Hayley Baker","14","16189.06"
1212,"Kimberly Mullen","14","15986.01"
1912,"Gregory Young","12","15903.05"
1304,"Mallory Jackson","17","15873.48"
1199,"April Robinson","11","15765.79"
882,"Rebecca Middleton","14","15754.80"
2818,"Joseph Gonzalez","15","15741.73"
1105,"Steven Nguyen","12","15675.59"
1702,"Daniel Lopez","12","15636.27"
2066,"Hannah Thomas","11","15544.26"
2879,"Barbara Pierce","14","15518.58"
1284,"Michael Garrett","14","15470.62"
2336,"Laurie Ramos","17","15428.47"
2756,"Mathew Walker","12","15379.01"
264,"Gail Park","14","15364.30"
933,"Jessica Johnson","11","15346.70"
872,"Christine Hanna","14","15337.18"
1574,"Ian Johnson","15","15298.69"
2716,"Derek Fernandez","13","15255.75"
191,"Juan Wolf","14","15248.67"
2203,"Lisa Dudley","15","15015.17"
1670,"Evelyn Hernandez","15","15004.69"
695,"Tiffany Diaz","14","14995.73"
2266,"Tracy Roberson","14","14971.68"
2719,"Rodney Nolan","18","14928.28"
56,"Charles Jones","14","14813.46"
2408,"Thomas Mcdaniel","11","14779.11"
1490,"Kenneth Cooper","16","14773.90"
1673,"Alexander Smith","12","14702.85"
844,"Ashley Shelton","12","14675.33"
382,"Matthew Ross","12","14669.48"
1497,"Matthew Bowman","13","14655.77"
1681,"Erin Evans","13","14641.80"
2308,"Dana Ashley","14","14532.60"
1008,"Paul Gamble","12","14490.67"
442,"Rebecca Keller","12","14485.87"
691,"Daniel Hall","13","14408.88"
1741,"Aaron Carpenter","13","14394.99"
123,"Beverly Martin","14","14313.97"
1436,"Jonathan Richardson","13","14274.14"
898,"Jose Wilson","12","14268.53"
2619,"Larry Wilson","16","14264.95"
2191,"David Williams","10","14182.25"
910,"Roy Martinez","12","14153.81"
1688,"Craig Wilson","12","14066.75"
675,"Justin Tucker","13","14056.32"
2143,"Kara Peterson","11","14038.64"
2869,"Aaron Freeman","13","13999.32"
2405,"John Newton","15","13994.91"
140,"Heather Navarro","11","13963.14"
676,"Karen Lamb","15","13961.78"
430,"Donna Russo","10","13939.02"
137,"Angela Rose","11","13903.74"
568,"Brian Baker","11","13881.46"
2835,"Bruce Navarro","11","13841.92"
72,"Stephanie Weiss","11","13830.53"
1123,"Charles Freeman","12","13807.81"
1785,"Juan Williams","15","13796.22"
1678,"Kathryn Jensen","12","13785.64"
1536,"Donna Dickerson","12","13776.92"
1183,"Karen Johnson","14","13735.97"
2444,"Melissa Weaver","12","13626.58"
2482,"Cynthia Brown","9","13609.47"
2964,"Jennifer Brown","12","13603.94"
1550,"Gary Horne","13","13576.89"
598,"Jose Jackson","12","13507.00"
2496,"Rachel Scott","13","13490.69"
585,"Peter Black","11","13473.26"
1586,"Brenda Burns","13","13471.18"
1157,"Parker Sanders","12","13427.32"
2403,"Patrick Morris","11","13338.68"
2880,"Stephanie Frazier","13","13328.48"
1814,"Elizabeth Ruiz","10","13312.08"
2488,"David Vasquez","11","13274.08"
2284,"Caroline Dodson","11","13150.17"
1081,"Emma Cooke","11","13129.81"
803,"Paul Deleon","14","13086.99"
450,"Christy Collins","10","13081.63"
581,"Amber Sanders","9","13076.49"
703,"Stacey Alexander","15","13073.92"
1330,"John Lewis","14","13051.72"
1925,"Stacy Meadows MD","12","13002.35"
1384,"Tammy Nguyen","9","12917.34"
2923,"Mindy Holden","11","12891.74"
2107,"Dylan Hodges DVM","12","12832.97"
2110,"Kimberly Trevino","16","12831.55"
1701,"Stephanie Burgess","12","12815.94"
878,"Melissa Cook","12","12795.87"
1478,"Robert Peters","10","12759.55"
1329,"Mary Wu","12","12751.16"
2313,"Lisa Rivers","13","12749.07"
118,"Christie Bush","14","12740.69"
2429,"Mrs. Patricia Moore","10","12697.31"
317,"Curtis Morgan","10","12661.17"
1133,"Ashley Wheeler","12","12634.11"
867,"Angel Jefferson","12","12621.08"
193,"Mary Maldonado","13","12592.47"
2543,"Rachel Munoz","9","12573.59"
1812,"Michael Watson","9","12531.26"
39,"Stefanie Johnson","10","12506.22"
232,"Dennis Thompson","10","12499.65"
2223,"Sarah Estrada","10","12496.35"
2509,"Mr. Jose Adkins","12","12452.20"
2077,"Robert Roach V","10","12392.06"
1557,"Dr. Connie Pierce MD","10","12352.87"
2690,"Jennifer Stephens","12","12318.00"
981,"Melissa Blair DDS","11","12316.21"
723,"Amanda Stevenson","10","12248.30"
2465,"Juan Hall","11","12245.52"
1141,"Danielle Benson","9","12235.05"
741,"Heather Taylor","11","12221.56"
224,"Angel Andersen","9","12204.25"
2915,"Joyce Boyer","9","12189.34"
2389,"Tamara Andrews","12","12187.44"
1336,"Dr. Janet Gillespie","14","12181.32"
2707,"Jessica Johnson","9","12087.38"
29,"Amanda Kim","10","12003.13"
1646,"Catherine Ray","10","11970.64"
1600,"Joshua Cannon","11","11956.55"
2346,"Jeanne Orr","11","11953.10"
1452,"Cody Hart","11","11946.43"
2045,"Ralph Brown","10","11936.72"
1291,"Amanda Payne","9","11909.55"
2379,"Matthew Hernandez","15","11898.09"
1135,"John Jennings","11","11893.81"
1548,"Justin Reid","9","11862.46"
2711,"Bethany Cordova","10","11836.24"
2183,"Ryan Arnold","11","11830.06"
392,"Kristy Patrick","10","11782.24"
2369,"Alyssa West","10","11771.36"
2200,"Michael Gutierrez","9","11745.91"
1549,"Julia Harrell","10","11692.11"
136,"Douglas Pearson","9","11691.68"
74,"Deanna Griffin","11","11682.03"
2023,"Nicole Rivas","10","11650.17"
597,"Paul Kelley MD","10","11649.49"
1285,"Jamie Baxter","11","11648.87"
405,"David Moreno","11","11646.32"
802,"Kendra Phillips","13","11631.27"
1636,"Emily Norman","8","11622.98"
2206,"Andrew Hale","12","11585.95"
2316,"Bryan Reid","9","11563.37"
2294,"Samantha Ray","9","11535.57"
2078,"Jenna Sullivan PhD","10","11523.63"
2458,"Teresa Mccarthy","12","11479.05"
267,"Penny Harper","12","11449.39"
2996,"Michael Fleming","12","11391.98"
1368,"Amy Lin","12","11387.94"
505,"Cindy Greene","10","11384.56"
228,"William Wheeler","9","11379.43"
1254,"Lonnie Owens","8","11354.65"
520,"Craig Miller","9","11351.14"
394,"Matthew Hall Jr.","9","11346.50"
1364,"Matthew Tucker","8","11330.90"
1020,"Terrence Rodriguez","12","11310.57"
1770,"James Hernandez","9","11304.47"
304,"Erica Mcgee","12","11304.23"
562,"Beth Miller","8","11256.03"
1406,"Gina May","11","11219.96"
989,"Mary Gilbert","12","11186.89"
1968,"Mary Torres","11","11176.18"
167,"Erica Walker","11","11166.74"
1126,"Michael Gonzalez","9","11162.90"
2150,"Mark Barnes","10","11162.62"
946,"Michael Gutierrez","8","11150.34"
2175,"Anthony Anderson","12","11149.90"
78,"Alexander Craig","10","11136.59"
1798,"Jonathan Ellis","12","11132.57"
2587,"Charles Torres","9","11127.90"
2233,"Brent Hunter","13","11117.01"
1817,"Brooke Barrett","12","11101.79"
2593,"Kayla Schultz","10","11093.87"
2155,"Carolyn Meyers","11","11093.61"
256,"Mark Mason","13","11082.99"
1674,"Amber White","8","11011.81"
841,"Laura Baker","13","11010.93"
790,"Todd Ballard","13","10980.28"
205,"Nicholas Wright","9","10972.44"
1340,"Jeffrey Kane","9","10962.79"
162,"Marcus Miller","11","10935.25"
2795,"Taylor Wilson","12","10935.15"
122,"Christina Johnson","8","10898.22"
214,"Heather White","11","10877.55"
280,"Ruben Wood","9","10868.73"
503,"Kyle Day","10","10849.02"
6,"Timothy Nguyen","9","10840.90"
1749,"Chris Myers","11","10840.16"
1710,"Kelly Burch","9","10831.89"
1166,"Robert Wright","9","10824.69"
2486,"Jordan Campbell","9","10804.78"
53,"Pamela Stone","9","10788.85"
309,"Kevin Russell","9","10771.49"
1496,"Derrick Adams","11","10771.33"
892,"James Lee","8","10762.62"
1822,"John Stewart","8","10756.25"
927,"Victoria Black","8","10742.98"
1840,"Nathan Brennan","8","10740.36"
1499,"Christopher Moore","11","10738.87"
1204,"Justin Wall","11","10727.94"
2727,"Sherry Moses","11","10720.77"
2475,"David Kent","9","10709.76"
1585,"Dominic Maynard DDS","10","10707.97"
1467,"Sandra Thomas","9","10696.06"
851,"Michael Gonzalez","8","10684.33"
2059,"Maria Brown","10","10675.06"
2965,"Mary Lewis","9","10670.90"
760,"Luis Lewis","8","10643.28"
1484,"Margaret Arnold","9","10633.64"
669,"Lynn Hall","12","10612.96"
2712,"Mark Espinoza","11","10610.53"
1235,"Amy White","9","10594.01"
1723,"Steven Zimmerman","9","10589.78"
1532,"Chad Briggs","8","10562.01"
1396,"Steven Castillo","8","10523.45"
1421,"Mrs. Dawn Rubio","9","10500.84"
1102,"Sarah Klein","9","10480.09"
1525,"Melissa Olson","8","10478.74"
470,"Joy Nelson","9","10462.42"
688,"Joy Powell","8","10461.46"
1830,"Seth Pope","10","10460.94"
708,"Wayne Jones","9","10460.25"
1358,"Michael Carpenter","11","10431.37"
1879,"Mark Palmer","10","10412.05"
411,"Howard Stephens","10","10399.81"
2982,"Jared Moore","8","10389.72"
2520,"Matthew Deleon","9","10383.40"
196,"Larry Webb","8","10378.22"
2005,"Luke Burns","11","10362.68"
63,"Roger Lyons","7","10343.73"
2285,"Nathan Tucker","9","10341.10"
265,"Jason Burns","8","10340.64"
1345,"Daniel Murillo","8","10295.41"
1878,"Joel Roberts","10","10294.53"
1756,"Nicole Jefferson","10","10292.79"
633,"Nancy Frederick","9","10280.50"
1597,"David Anderson","8","10277.92"
1045,"Alexander Mcpherson","9","10274.14"
494,"Mrs. Melissa Cobb","9","10265.13"
2654,"William Thompson","9","10259.30"
438,"Laurie Ray","9","10233.34"
2185,"Melissa Ross","10","10233.03"
1377,"Brooke Harrison","7","10230.62"
1592,"Yvette Thornton","7","10226.99"
2238,"Jose Montgomery","9","10208.20"
2526,"Sarah Randall","10","10198.50"
1628,"Sarah Flowers","10","10188.62"
826,"Carl Anderson","12","10181.61"
2962,"Brittany Miller","11","10171.23"
119,"Jessica Clay","7","10169.28"
2048,"David Schneider","10","10136.57"
1889,"David Thomas","9","10127.52"
2881,"Angel Fry","8","10120.37"
2922,"Julie Williams","8","10109.38"
2984,"Nicole Villarreal","7","10095.74"
181,"Michael Wilson","9","10076.57"
1991,"Bruce Ellis","9","10071.89"
1343,"Mary Graham","9","10053.56"
2396,"Craig Davis","10","10033.72"
2811,"Melissa Trevino MD","10","10033.62"
2914,"Dr. Veronica Martin","11","10015.60"
2757,"Jennifer Davis","8","9996.12"
2817,"Rhonda Brown","8","9995.79"
1685,"Amanda Wolfe","8","9992.35"
2688,"Tony Adams","9","9960.62"
2621,"Michael Kline","10","9949.59"
77,"Kim Schmidt","6","9921.00"
1924,"Alyssa Cross","7","9920.94"
743,"George Callahan","9","9920.37"
693,"Amber Brooks","9","9869.40"
1485,"Sarah Jackson","7","9853.57"
658,"Willie Hall","11","9841.07"
2271,"Brandi Miller","8","9831.83"
1167,"Craig Harmon","9","9826.43"
657,"Regina Rodriguez","10","9822.75"
753,"Amber Bradford","9","9822.16"
350,"Robert Lin","8","9759.22"
356,"Kelly Payne","7","9733.74"
1559,"Christopher Levine","8","9711.08"
1234,"Nathan Smith","7","9707.15"
2357,"Gary Newman","12","9706.44"
2700,"Alyssa Skinner","8","9706.34"
1407,"Douglas Parks","8","9687.00"
318,"Susan Rogers","9","9681.22"
1385,"Cynthia Cohen","11","9668.34"
976,"Anthony Higgins","11","9666.86"
435,"Kyle Monroe","9","9658.36"
188,"Patricia Myers","9","9656.66"
1428,"Cassie Bruce","11","9654.57"
1846,"Angela Hatfield","9","9628.23"
2659,"Kristin Mendez","9","9625.09"
1315,"Michael Myers","10","9614.75"
210,"Marissa Carpenter","7","9603.92"
1097,"Rachel Mcdaniel","9","9600.55"
1072,"Shelly Page","9","9555.23"
2167,"Alexander Thomas","10","9529.96"
1207,"Lindsey Sutton","8","9523.17"
170,"Richard Pena","8","9521.93"
612,"Elizabeth Padilla","6","9515.58"
1219,"Edward Wells","8","9495.79"
707,"Keith Webb","9","9476.77"
421,"Jorge Pierce","10","9473.06"
2559,"Terry Bell","8","9459.41"
761,"Juan Hernandez","8","9456.13"
2704,"Heather Rasmussen","9","9450.84"
2909,"Sherri Jones","8","9443.96"
969,"Sandra Gonzales","9","9437.77"
1371,"Rachel Williams","8","9406.33"
1868,"John Conley","9","9371.19"
845,"Michael Jones","6","9337.55"
1804,"Jordan King","9","9316.44"
2568,"David Smith","9","9309.70"
928,"Alexis Holt","6","9236.90"
1269,"Debra Burton","8","9224.55"
1476,"Timothy Sandoval","9","9201.25"
1808,"Jennifer Lambert","6","9198.40"
27,"Debra Santos","7","9187.47"
596,"Joseph Smith","10","9187.04"
997,"Michele Ellis","8","9166.17"
2648,"Kyle Brown","9","9163.43"
1693,"Scott Williams","9","9154.92"
1672,"Sara Wolf","10","9126.01"
174,"Jessica Bailey","8","9116.77"
835,"Laura Sanchez","12","9113.59"
949,"William Wade","8","9112.51"
717,"Joseph Sanders","9","9100.62"
545,"Timothy Roberts","11","9092.38"
76,"Brittney Lindsey","6","9065.90"
1075,"Dr. Michael Jones PhD","8","9054.98"
2609,"Shelley Gonzalez","9","9038.00"
1318,"Dr. Nicholas Richard","7","9037.26"
2901,"Briana Foley","9","9009.05"
1170,"Regina Hooper","10","9003.97"
2301,"Curtis Morales","8","8996.49"
2459,"Kristen Merritt","9","8995.39"
1246,"Dr. Eddie Bailey DVM","7","8951.20"
1253,"Sarah Landry","8","8949.73"
154,"Bradley Holland","8","8947.98"
890,"Reginald Wallace","9","8938.10"
2784,"Garrett Carlson","10","8937.05"
37,"William English","8","8927.03"
1816,"Adrienne Abbott","9","8926.83"
816,"Jessica Gill","13","8919.08"
783,"Patricia Patton","7","8907.25"
923,"Elizabeth Brown","8","8906.69"
342,"Timothy Elliott","10","8897.03"
2142,"Angela Kim","7","8893.41"
1977,"Jeremy Lopez","6","8883.96"
1109,"Dean Cantu","8","8879.31"
1298,"Tammy Walton","9","8876.52"
434,"Mary Anderson","7","8866.40"
686,"April Robinson","7","8853.21"
616,"Joseph Barnes","8","8850.62"
2634,"Andrew Baker","7","8848.04"
2995,"David Swanson","8","8829.40"
2793,"Doris Patel","9","8827.41"
524,"Martin Carlson","7","8815.76"
1802,"Linda Dean","7","8791.28"
866,"Jeremy Santiago","9","8776.91"
2121,"Jesus Wilson","11","8773.88"
1650,"John Simpson","8","8764.56"
1573,"Sean Rivera","10","8751.58"
2589,"Sabrina Dennis","6","8739.06"
644,"Richard Bell","5","8738.91"
920,"David Fowler","8","8738.62"
1193,"Linda Walton","9","8728.12"
740,"Elizabeth Carter","6","8727.83"
2342,"Jennifer Leonard","7","8726.60"
2131,"Allison Perry","7","8719.31"
582,"Ernest Schultz","6","8719.27"
2302,"Rebecca Miller","9","8702.51"
2653,"Christina Wilson","9","8697.65"
1689,"Lauren Lowe","8","8696.87"
2287,"Joseph Hughes","8","8683.28"
52,"Richard Meyer","10","8675.70"
887,"Jacqueline Garcia","6","8671.67"
1888,"William Gill","10","8665.98"
466,"Ashley Smith","7","8665.74"
692,"Joseph Cook","7","8665.70"
584,"Henry Hayes","10","8664.31"
328,"Gabrielle Howell","9","8655.21"
2328,"Peter Charles","8","8648.49"
1256,"Samuel Henry","7","8633.76"
2993,"Timothy Hatfield","7","8622.82"
67,"Randall Carter","6","8614.52"
1048,"Connie Ford","9","8597.87"
1734,"John Sanchez","7","8593.76"
507,"Mary Gonzalez","7","8593.28"
142,"Amy Gallagher","8","8589.52"
2846,"Henry Williams","7","8589.46"
1982,"Juan Martinez","7","8587.58"
1066,"Matthew Graham","6","8578.07"
148,"Marissa Shepherd","7","8574.53"
2495,"Brittany Marshall","7","8573.95"
418,"Jessica Galloway","6","8551.80"
1028,"Lucas Thompson","8","8547.38"
1153,"Francisco Smith","6","8533.36"
1519,"Jamie Gonzalez","9","8531.96"
1143,"Matthew Cooper","9","8529.61"
383,"Frank Guzman","6","8517.34"
408,"Katherine Salazar","9","8516.22"
2660,"Monica Jones","7","8516.04"
1742,"Jaclyn Powers","8","8514.58"
1202,"John Montes","6","8508.08"
739,"Kevin Clark","6","8499.65"
1572,"Lynn Owens","8","8498.86"
2663,"Alicia Garner","6","8491.69"
200,"Jose Phillips","8","8470.68"
2001,"Jacqueline Thompson","8","8466.65"
1381,"Lisa Anderson","7","8466.29"
2195,"Bethany Bailey","9","8456.40"
2550,"James Russell","8","8454.06"
2025,"Glenn Burns PhD","8","8444.85"
2157,"Mary Wilson","7","8435.08"
2484,"William Nichols","7","8424.21"
1263,"Maria Smith","7","8420.68"
2521,"Robert Green","5","8408.89"
2674,"Lisa Graham","8","8401.26"
630,"Renee Perez","8","8390.08"
225,"Brian Smith","6","8388.23"
1146,"Barbara Castaneda","7","8379.66"
2042,"Eric Garcia","7","8376.05"
542,"Christopher Lynch","8","8366.31"
388,"Lucas Jones","7","8365.13"
2009,"David Wagner","10","8364.98"
2535,"Lori Thompson DDS","6","8324.41"
2608,"Jason Gonzalez","6","8322.22"
1930,"Lauren Jones","7","8317.70"
1842,"Jessica Brown","7","8310.73"
2309,"Douglas Nash","7","8306.93"
1231,"Mrs. Tracy Wyatt","8","8284.88"
2561,"Kristin Mcclain","8","8284.47"
1121,"Lee Robinson","6","8270.09"
2665,"George Norris","7","8254.00"
2350,"Misty Perez","6","8252.21"
2241,"Richard Carter","7","8244.35"
2511,"Ethan Reeves","6","8243.69"
1391,"Lawrence Cooley","6","8235.74"
1990,"Eddie Maldonado","9","8221.87"
1613,"Tammy Lara","7","8216.51"
2949,"Lauren Davis","5","8214.27"
2215,"Brittany Beasley","11","8186.82"
239,"Kayla Burton","7","8185.95"
2939,"Mary Mann","8","8185.84"
2434,"Michelle Francis","7","8183.84"
1301,"Corey Murphy","7","8159.41"
461,"David Burns","12","8156.71"
218,"Thomas Johnson","6","8155.14"
276,"Abigail Jones","6","8145.70"
537,"Jason Smith","9","8138.33"
2362,"Chase Gross","8","8131.06"
2407,"Emily Campbell","8","8123.22"
2866,"Jessica Ellis","6","8106.00"
1768,"Theresa Scott","8","8090.81"
2555,"Charles Wilkerson","8","8077.17"
737,"Colton Jones","8","8068.96"
651,"Betty Morgan","8","8061.86"
1342,"John Dorsey","7","8057.99"
811,"Stephen Fletcher","7","8055.53"
164,"Ashley Brown","7","8052.31"
663,"Paul Sharp","7","8041.90"
1205,"Jamie Gray","8","8025.68"
1124,"Shannon Castro","6","8011.54"
1563,"Isaiah Garcia","7","8011.35"
569,"Michael Vargas","10","8009.29"
2348,"Jessica Davis","7","7990.88"
798,"Peter Weiss","7","7977.49"
2189,"Mrs. Brenda Martinez MD","8","7974.08"
2809,"Jordan Edwards","6","7972.01"
1642,"Harold Cook","7","7962.39"
436,"Michael Bell","7","7932.69"
2726,"Stephanie Larson","6","7926.39"
2474,"Kristy Novak","8","7914.27"
2303,"Kenneth Lozano","7","7911.20"
2224,"Matthew Garrison","5","7908.93"
1922,"Mandy Smith","6","7896.57"
812,"Cameron Luna","8","7893.02"
1964,"Sergio Carter","7","7890.54"
2769,"Joseph Sloan","8","7882.71"
1152,"Madison Lyons","6","7861.47"
1431,"Jaclyn Sexton","10","7859.71"
2065,"Derek Jackson","8","7856.32"
687,"Alexandra Kaiser","5","7849.47"
2306,"Pamela Paul","8","7845.67"
694,"Evan Bullock","6","7844.96"
2448,"Nancy Smith","10","7840.94"
1876,"Paul King","6","7827.08"
2329,"William Miller PhD","6","7824.28"
2900,"Philip Evans","8","7819.87"
956,"Samantha Garcia","8","7818.82"
982,"Jerry Harrington","7","7804.11"
967,"Allison Reed","6","7802.09"
95,"Daniel Ward","6","7792.90"
2179,"Michael Parrish","7","7787.23"
1508,"Lisa Massey","7","7783.25"
2400,"Terry Ramirez","5","7778.84"
490,"Kyle Ortiz","6","7767.73"
805,"Ann Cooley","7","7763.97"
458,"Alan Howard","5","7762.66"
2349,"Steven Dominguez","8","7756.78"
2859,"Andrew Santana","6","7743.08"
673,"Robert Bentley","7","7736.91"
1901,"Kelly Baker","6","7730.17"
1171,"April Cowan","10","7717.87"
664,"Zachary Hurst","6","7706.34"
2851,"Jason Walker","8","7705.97"
268,"Robert Freeman","7","7704.32"
1323,"Jennifer Ortiz","7","7701.48"
28,"Sara Hart","6","7699.02"
2532,"Christian Meyer","7","7698.47"
415,"Gary Singh","7","7697.19"
929,"Dr. Alexander Kennedy PhD","5","7696.87"
977,"Robin Bradley","8","7696.46"
876,"Patricia Boyd","6","7695.98"
1348,"Shelly Simmons","7","7685.78"
1347,"Scott Barrett","9","7667.94"
330,"Jacqueline Rodriguez","7","7665.36"
2591,"Kimberly Pittman","7","7661.37"
1245,"Laura Leonard","6","7652.15"
1841,"Maxwell Anderson","8","7646.76"
1640,"Mary Flynn DVM","7","7645.96"
368,"David Anderson","9","7640.16"
2323,"Joseph Hernandez","7","7637.96"
1064,"Juan Mcguire","7","7634.51"
1714,"John Martin","6","7606.61"
2265,"Lori Coleman","10","7595.27"
481,"James Alvarez","6","7594.19"
2977,"John Miles","5","7590.45"
1544,"Brandon Cole","6","7573.89"
2089,"Amy Robinson","6","7544.87"
1902,"Kevin Marshall","6","7543.57"
2617,"Jennifer Lopez DDS","6","7541.50"
510,"Hector Jackson","7","7527.91"
1469,"Samuel Castillo","6","7522.72"
1165,"Melissa Walker","5","7517.90"
2138,"Selena Melton","7","7512.36"
2576,"Ryan Pacheco","9","7499.55"
2193,"Robert Powell","5","7496.77"
104,"Connie Monroe","9","7495.13"
343,"Savannah Armstrong","6","7493.60"
770,"Jason Miles","9","7492.21"
917,"Ronald Hall","6","7478.79"
1568,"Thomas Morris","8","7467.37"
2789,"Travis Murray","6","7465.89"
2140,"Leslie Pineda","7","7463.95"
274,"Amanda Werner","7","7456.12"
2826,"Nicholas Adams","6","7455.91"
1554,"Ashley Williams","8","7440.52"
2315,"Renee Hernandez","7","7429.76"
515,"Megan Young","5","7426.08"
2451,"Victoria Mcmahon","7","7421.36"
809,"Eric Garcia","9","7393.10"
132,"Elizabeth Nolan","6","7392.89"
1033,"Sean Martinez","10","7386.39"
2884,"Danielle Clark","9","7382.62"
2667,"Leroy Walker","6","7381.17"
519,"Scott Morales","7","7367.63"
775,"Charles Taylor","8","7350.28"
1426,"Neil Hobbs","7","7336.09"
2409,"Jesse Martinez","8","7323.14"
589,"Mark Moore","7","7321.73"
1517,"William Estes","9","7320.22"
1583,"Jennifer Small","8","7316.36"
1351,"Bonnie Thomas","10","7315.81"
813,"Caleb Brown","8","7311.97"
1528,"Megan Spencer","6","7300.83"
2128,"Elizabeth Choi","7","7296.11"
1444,"Andrea Scott","8","7278.62"
275,"Shelly White","7","7276.04"
995,"Stephanie Turner","6","7269.85"
2160,"Joel Hall","8","7268.56"
190,"Elizabeth Alexander","8","7244.57"
1915,"Emily Woods","5","7231.38"
204,"Adam Anderson","5","7229.34"
1267,"Jamie Thompson","6","7225.56"
529,"Paula Gates","7","7222.64"
2708,"Eric Reyes","6","7219.51"
2347,"Steven Adams","8","7205.29"
1645,"Melanie Santiago","7","7205.08"
1943,"Taylor Andrews","7","7202.44"
1148,"Paul Chung","7","7200.72"
79,"Julie Ward","7","7199.23"
1541,"Julia Phillips","7","7184.54"
42,"Mrs. Melissa Jones MD","6","7170.97"
829,"Frank Taylor","5","7166.91"
2015,"Adrian Randall","7","7166.90"
1940,"James Davis","6","7166.23"
937,"Jacob Hall","7","7159.88"
1767,"Joseph Davis","6","7159.77"
1104,"Robin Reyes","6","7159.09"
2024,"William Thompson","6","7157.05"
20,"Lucas Mullins","7","7155.74"
2971,"Jeanette Sanchez","6","7150.23"
523,"Clifford Yang","6","7131.75"
180,"William Quinn","10","7126.63"
2359,"David Powell","7","7116.60"
2035,"Brandy Smith","5","7112.29"
2297,"Annette Thompson","6","7104.13"
91,"James Williams","6","7103.76"
1036,"Gary Carter","7","7101.02"
54,"Elizabeth Morgan","7","7090.79"
113,"Michelle Hughes","6","7087.94"
1326,"William Hughes","5","7075.01"
2219,"David Evans","8","7070.12"
465,"Julia Fields","6","7055.91"
716,"Joshua Smith","7","7055.69"
1232,"Alicia Allen","7","7052.06"
1221,"Mark Simmons","6","7049.43"
1372,"Michael Marshall","6","7048.31"
1973,"Janet Long","5","7040.25"
1951,"Mark Winters","6","7040.03"
2799,"Christian Peters","5","7037.58"
130,"Ronald James","7","7034.67"
1823,"Sabrina Walker","5","7029.53"
2592,"Kayla Brown","6","7021.85"
1621,"Joshua Fitzgerald","4","7019.91"
2410,"Jonathan Dominguez","7","7004.11"
1361,"Erin Bray","9","7000.58"
1282,"Lisa Smith","5","6997.41"
908,"Alexis Norton","6","6991.38"
2047,"Andrew Armstrong","6","6989.02"
352,"Dr. Paul Davis MD","5","6986.73"
2332,"Michelle Sherman MD","6","6984.38"
961,"Frank Cruz","6","6981.73"
97,"David Hansen","6","6952.54"
2239,"Lisa Cooper","5","6938.31"
1173,"Natalie Johnson","6","6937.40"
2974,"Tina Barry","6","6925.23"
1997,"Nicholas Cross","5","6918.85"
1898,"Donna Craig","6","6916.52"
1877,"Courtney Gallagher","6","6914.95"
2460,"Deborah Hunter","6","6914.82"
1545,"Jason Martinez","6","6912.14"
138,"Clinton Doyle","8","6909.07"
2933,"Sarah Brown","7","6906.81"
1115,"George Cuevas","8","6906.54"
950,"Crystal Vargas","7","6904.59"
1677,"Joshua Adams","6","6901.49"
806,"Alan Ward","7","6897.11"
1134,"Jose Rodriguez","8","6876.47"
1521,"Stanley Roberts","8","6875.68"
856,"Richard Brown","7","6863.05"
351,"Joshua Hughes","6","6862.96"
251,"Aaron Smith","6","6862.55"
171,"Lindsey Anderson","6","6852.53"
2801,"Laura Griffin","7","6852.29"
2178,"Cassandra Chavez","5","6843.92"
2788,"Randy Gilbert","6","6842.17"
701,"Tanya Sharp","6","6839.70"
414,"Angela Ross","9","6828.07"
1311,"Michael Sellers","7","6810.55"
1512,"Emily Glass","7","6806.48"
2828,"Brian Roberts","7","6804.74"
1810,"Joseph Davis","8","6801.67"
2248,"Sarah Mayer","7","6794.45"
697,"David Sanchez","5","6787.67"
592,"Zoe Nash","8","6778.68"
2393,"Patrick Boyer","6","6773.86"
734,"Andrew Farley","5","6770.87"
2963,"Thomas Hammond","8","6768.76"
297,"Joseph Reed","7","6764.96"
626,"David Livingston","8","6764.17"
1034,"Sara Hogan","8","6763.31"
557,"Donald Barber","6","6735.76"
2848,"Tiffany Hughes","5","6734.71"
1111,"Travis Frost","5","6715.11"
472,"Christopher Mayo","5","6705.32"
1198,"Elizabeth Torres","7","6681.64"
1904,"Andre Leonard DDS","7","6680.28"
957,"Candice Ho","6","6679.29"
2636,"Christopher Chapman","5","6678.63"
1178,"Summer Choi","5","6672.19"
2540,"Joshua Cruz","7","6671.22"
2845,"Dawn Lopez","5","6661.84"
57,"Crystal Jenkins","5","6659.35"
1186,"Debra Cooper","6","6644.20"
185,"Tony Mayo","6","6629.46"
361,"Joan Miller","6","6628.62"
2618,"Anthony Miles","5","6627.32"
2088,"Carla Ward","7","6620.32"
399,"Catherine Jefferson","6","6611.13"
1162,"Wayne Burton","7","6608.28"
1465,"Amber Ali","7","6605.84"
1397,"Edward Burke","10","6598.32"
1722,"Kyle Schroeder","6","6595.75"
2713,"Logan Gregory","6","6592.98"
1325,"Kathryn Reid","6","6591.61"
192,"Melanie Ramirez","5","6591.17"
47,"Noah Rivas","7","6591.00"
2388,"Michael Frey","8","6586.91"
1579,"Miguel Klein","5","6581.66"
105,"Chad Hill","6","6581.63"
1004,"Timothy Yang","7","6561.92"
1056,"Joel Mendoza","6","6554.16"
1865,"Matthew Wise","7","6550.76"
1195,"Joshua Taylor","8","6544.13"
2422,"Jeremy Reyes","6","6536.07"
2337,"Brian Jackson","7","6524.15"
243,"Michelle Smith","6","6517.81"
1715,"John Blair","6","6514.42"
448,"Nathan Aguirre","8","6509.14"
2861,"Margaret Howard","8","6508.54"
638,"Eugene Wagner","7","6506.73"
2519,"Dr. Jessica Bryan","7","6504.56"
825,"Shawn Cannon","5","6502.64"
1094,"Samuel Castillo","7","6501.26"
2374,"Ashley Santos","6","6500.96"
2033,"John Rivera","5","6498.00"
1041,"Lori Richardson","8","6497.89"
679,"Thomas Wilson","6","6487.99"
1659,"Scott Ramos","5","6474.49"
945,"Megan Marshall","6","6472.85"
709,"Jennifer Byrd","6","6467.12"
1789,"Patrick Smith","7","6463.58"
250,"Jon Williams","5","6461.72"
1834,"Michelle Houston","7","6453.08"
2319,"Anthony Warner","5","6449.44"
795,"James Wood","8","6446.28"
634,"Robert Young","5","6445.91"
432,"Robert Gutierrez","10","6435.87"
1379,"Yolanda Martinez","6","6433.69"
1180,"Ruben Brock","7","6433.54"
2907,"Dawn Duncan","5","6432.60"
1275,"James Norton","5","6418.65"
1845,"Alexandra Hood","6","6417.91"
2754,"Brianna Goodwin","4","6409.74"
2701,"Bruce Fox","6","6403.49"
2742,"Stephanie Phillips","6","6392.89"
2975,"Michelle Parker","9","6385.24"
905,"Sarah Morales","5","6382.15"
82,"Jessica Rhodes","5","6381.86"
1457,"Laura Kim","6","6376.97"
2052,"Collin Sanchez","6","6367.44"
2625,"Rebekah West","5","6366.67"
528,"James Howard","6","6354.76"
1526,"Mrs. Jennifer Sullivan","5","6354.72"
2920,"Dr. Elizabeth Williams","7","6354.22"
935,"Renee Finley","6","6351.70"
2083,"Christopher Ray","6","6344.73"
764,"Deborah Blake","5","6342.13"
953,"Joseph Bird","7","6330.84"
787,"Stacy Wilson","5","6326.42"
1247,"Dale Fleming","5","6317.74"
1083,"Diane Strickland","6","6315.77"
2635,"Sarah Williams","8","6315.32"
194,"Chelsea Duffy","9","6313.74"
2433,"John Tanner","6","6311.14"
2054,"Lisa Tucker","5","6306.16"
721,"Kathryn Jones","7","6300.69"
1071,"Megan Nguyen","5","6295.85"
1120,"Seth Cunningham","7","6262.51"
1815,"Teresa Turner","6","6260.24"
2450,"Yvonne Mcgrath","7","6255.48"
2419,"John Taylor DDS","7","6248.63"
1113,"Austin Jacobs","5","6246.29"
2886,"Thomas Paul","5","6243.35"
2446,"Joseph Foster","5","6230.86"
107,"Crystal Chavez","6","6229.56"
451,"Judith Dawson","5","6227.23"
1418,"Robert Nicholson","6","6225.55"
2076,"Heather Wilson","4","6224.14"
2531,"Robyn Bass","5","6223.86"
206,"George Skinner","4","6218.42"
2522,"Yolanda Mendoza","8","6208.96"
2164,"Bernard Farmer","4","6203.62"
1150,"Barbara Fitzgerald","4","6198.71"
80,"Isabel Castillo","5","6193.65"
2430,"Spencer Williams","7","6189.02"
2829,"Desiree Bailey","6","6188.94"
1861,"Betty Walton","6","6176.49"
1996,"Tammy Lee","5","6171.48"
1370,"Travis York","5","6170.20"
855,"Timothy Palmer","4","6167.13"
2723,"Marcus Ramirez","6","6166.96"
558,"Heather Jordan","5","6166.92"
2693,"Samuel Hines","5","6162.88"
796,"David Ortega","5","6160.85"
2051,"Elizabeth Pugh","4","6158.04"
94,"Robert Vaughn","5","6156.06"
2290,"Cory Nichols","6","6149.65"
1435,"David Jones","4","6146.65"
69,"Brianna Frazier","7","6142.62"
2549,"James Gibbs","5","6142.07"
482,"Dawn Cummings","7","6141.70"
493,"Rebecca White","6","6141.05"
2100,"Jason Davis","5","6139.93"
2105,"John Griffin","6","6136.58"
75,"Toni Gonzalez","4","6131.36"
1884,"Taylor Gutierrez","7","6128.15"
958,"Gregory Garcia","6","6123.69"
1069,"Christopher Valenzuela","10","6122.88"
571,"Fred Warren","5","6122.32"
1297,"Rachel Thomas","6","6121.39"
1473,"Laura Thompson","5","6119.75"
672,"Jessica Johnson","5","6099.95"
1513,"Evelyn Garcia","5","6093.56"
189,"Michelle Allen DDS","4","6081.18"
2500,"Stephanie Davis","4","6060.24"
2491,"Rachel Murphy","5","6060.04"
2639,"Rachel Stuart","6","6049.64"
1375,"Taylor Macdonald","5","6049.42"
1774,"Sylvia Kirk","5","6044.95"
2007,"Marcia Johnson","5","6038.60"
2225,"Laura Waters","4","6037.49"
1647,"Jim King","5","6034.74"
406,"Kyle Thompson DDS","7","6033.97"
877,"Ellen Collins","5","6022.29"
1333,"Ruben Schmitt","6","6019.78"
970,"Randy Wilson","6","6012.12"
819,"Michele Lee","7","6011.34"
2310,"Kenneth Martinez","5","6000.26"
1575,"Jennifer Bryant","5","6000.00"
2746,"Alexander Dixon","6","5975.76"
287,"Amanda Larson","7","5970.91"
526,"Sarah Martinez","6","5966.06"
1625,"Mary Fox","9","5961.69"
1063,"Kelly Williams","6","5957.79"
947,"Chase Mccarty","5","5949.62"
1914,"Natalie Thompson","6","5942.61"
2814,"Christopher Fuller","6","5932.26"
2202,"Janice Durham","4","5921.97"
2281,"Tracy Scott MD","6","5918.30"
1849,"Angela Bryan","6","5914.23"
2487,"Heather Santiago","5","5910.49"
2406,"Bobby Torres","6","5909.71"
2515,"Taylor Alexander","7","5908.64"
1010,"Richard Pierce","5","5902.92"
821,"Glen Sharp","9","5899.14"
1655,"Sydney Wallace","8","5890.85"
2391,"Elijah Davis","6","5887.92"
1360,"Alyssa Mosley","6","5880.62"
459,"Alisha Mays","6","5870.13"
860,"Melinda Smith","6","5868.02"
2579,"Kimberly Alvarez","5","5866.56"
659,"Cesar Green","6","5863.68"
2658,"Jordan Peterson","7","5859.70"
238,"Laurie Hall","4","5858.75"
2560,"Tammy Montgomery","4","5854.24"
2439,"Allen Boyle","7","5850.56"
220,"Veronica Lopez","6","5833.20"
758,"Cassandra Kline","7","5830.87"
2867,"Jose Johnson","6","5827.59"
1015,"Christopher Mata","5","5825.95"
639,"Stephanie Glenn","7","5820.15"
1942,"Angela Herrera","5","5814.46"
1290,"Mark Clarke","7","5810.21"
773,"Molly Smith","5","5808.79"
2291,"Desiree Dudley","4","5798.62"
322,"Jessica Henry","6","5793.09"
1241,"Sean Russell","4","5790.15"
1633,"Seth Golden","5","5786.58"
1201,"Scott Bernard","6","5766.00"
1978,"Patricia Houston","4","5763.39"
2671,"Manuel Smith","8","5758.70"
516,"Kelly Harrell","7","5757.10"
1946,"Michael Davis","5","5755.57"
2626,"Jessica Lee","7","5754.84"
1609,"Catherine Hill","4","5746.66"
1731,"Ryan Collins","7","5740.86"
1386,"Vanessa Anderson","4","5738.32"
2825,"Rebecca Mckinney","6","5732.16"
2597,"Sara Bailey","4","5729.90"
2906,"Stephanie Higgins","5","5724.80"
2125,"David Schultz","5","5718.05"
106,"Benjamin Cook","6","5717.22"
391,"Chelsea Rodgers","4","5713.43"
302,"Gregory Cooke","6","5711.66"
2102,"Susan Arnold","6","5709.64"
2771,"Gina Patel","4","5706.86"
73,"Bonnie Ward","5","5698.70"
2120,"Wanda Martinez","4","5692.14"
1225,"John Knight","6","5690.25"
1390,"Jonathan Jones","8","5689.75"
1378,"Corey Flores","5","5679.23"
2013,"Rhonda Hayes","4","5678.10"
1827,"Felicia Montoya","8","5670.50"
2929,"Gregory Morrison","4","5666.84"
2720,"Mia Barr","5","5665.31"
1498,"Crystal Ball","7","5663.68"
2489,"Pamela Armstrong","5","5658.10"
606,"Joe Reeves","6","5646.07"
278,"Daniel Cannon","6","5639.05"
1108,"Tracie Choi","6","5635.39"
1112,"Katie Robinson","6","5634.76"
2398,"Jeffrey Vasquez","6","5625.18"
1612,"Elizabeth Pittman","6","5621.93"
1177,"David Bailey DDS","4","5615.73"
1811,"Stephanie Nicholson","5","5609.90"
1383,"Beverly Ward","5","5606.96"
868,"Sophia Lewis","6","5605.08"
2533,"Nancy Ho","7","5602.66"
2768,"Rebecca Villarreal","6","5598.86"
1718,"Dr. Jessica Roberts","6","5598.12"
1125,"Dennis Jenkins","5","5596.86"
1458,"Tyler Peters","5","5580.01"
2255,"Harry Stewart","6","5578.62"
2524,"Elizabeth Doyle","5","5578.20"
2106,"Joseph Medina","4","5578.11"
1461,"Tony Rivera","5","5575.42"
362,"Alison Chen","6","5566.34"
59,"Christine Vaughn","5","5563.55"
886,"Jason Chapman","5","5558.05"
377,"Christina Ramirez","4","5542.78"
1414,"Michael Shelton","6","5542.72"
617,"Jenna Murphy","8","5540.70"
900,"Laura Miranda","4","5537.12"
2823,"James Rodriguez","4","5529.84"
2813,"Jacob Evans","5","5518.57"
1354,"Anthony Salazar","4","5508.45"
141,"Tara Porter","5","5504.19"
464,"Mr. Steven Brown","5","5502.73"
2863,"Mrs. Janice Thompson","5","5501.96"
538,"Riley Jackson","4","5498.79"
454,"Hannah Booth","7","5496.58"
1299,"Amanda Harrison PhD","7","5494.20"
2622,"Michael Quinn","5","5492.31"
1629,"Jennifer Johnson","5","5488.11"
2234,"Christopher Jones","5","5480.58"
2061,"Cindy Frazier","4","5479.11"
1268,"Kristin Hardy","6","5460.13"
114,"Marcus Walton","5","5457.14"
533,"Victoria Grant","4","5454.14"
1966,"Joanna Gonzalez","5","5444.51"
2108,"Dr. Jackson Taylor","7","5440.99"
312,"Alexa White","5","5438.22"
298,"Stephen Obrien","4","5428.68"
853,"Nathan Contreras","6","5416.83"
1145,"Sandra Miller","4","5412.04"
66,"Richard Allen","4","5407.75"
497,"James Pierce","5","5405.56"
2247,"Michael Sims","4","5404.07"
2479,"Jesse Clark","4","5402.20"
444,"Gene Nicholson","5","5399.90"
1425,"Maria Jackson","4","5388.47"
1472,"Allison Smith","7","5372.40"
358,"Joshua Malone","4","5372.38"
2558,"Christopher Smith","5","5371.51"
1217,"Grace Bradley","5","5369.45"
1874,"Timothy Reed","5","5366.30"
791,"Melissa Miller","6","5359.91"
1761,"Samantha Robertson","6","5357.69"
2596,"Heather Miller","4","5355.99"
2927,"Cynthia Wallace","5","5331.48"
712,"Edward Bryan","5","5331.19"
2562,"Darlene Moore","5","5329.96"
2139,"Diane Hendrix","6","5312.75"
1168,"Allison Jones","4","5310.51"
1302,"Preston Deleon","4","5307.13"
1648,"Jill Lee","3","5301.88"
2898,"Kimberly Robinson","5","5266.04"
2327,"John Martinez","4","5260.11"
2843,"James Smith","5","5256.94"
2006,"Maria Hodge","6","5254.54"
2895,"Susan Maxwell","4","5253.91"
471,"Clinton Perry","5","5253.43"
824,"David Berger","4","5251.41"
32,"Sean Peters","3","5250.68"
2232,"Brad Mitchell","7","5248.49"
1443,"Jody Stephens","6","5247.82"
207,"Diane Yoder","7","5247.27"
1759,"Stephen Wise","5","5247.23"
2141,"Blake Li","3","5244.96"
354,"Kristen Young","8","5243.15"
249,"Donald Schmidt","5","5241.42"
18,"Jessica Garcia","4","5236.84"
34,"Darlene Gutierrez DVM","4","5234.53"
338,"Crystal Garcia","6","5233.35"
1747,"William Cardenas","5","5219.48"
1697,"Jeremiah Waller","6","5212.65"
2739,"Gary Robinson","5","5212.11"
1711,"Cheyenne Solis","4","5209.39"
345,"Barbara Love","4","5207.28"
508,"Austin Brown","5","5204.33"
838,"Leah Watkins","5","5202.69"
1332,"David Davenport","6","5202.20"
355,"Garrett Leon","4","5193.31"
1818,"Robin Lee","4","5193.29"
2940,"Richard Suarez","4","5177.33"
247,"Philip Stanley","4","5169.01"
1086,"Amy Thornton","7","5168.66"
2839,"Tammy Taylor","4","5158.96"
660,"Brandon Scott","4","5157.71"
245,"Paige Nelson","7","5157.33"
1516,"Julie Brennan","5","5155.15"
2682,"Robert Wade","4","5155.10"
1220,"Gloria Smith","5","5154.30"
1401,"Autumn Clark","6","5153.72"
667,"Mary Mckee","6","5149.35"
1999,"Mary Ortiz","4","5148.63"
269,"Juan Li","8","5147.53"
2994,"Amy Adams","4","5147.44"
1017,"Jack Atkins","6","5142.10"
103,"Monica Delgado","5","5141.14"
2937,"Mr. Daniel Cox","4","5135.93"
1189,"Michael Meyer","5","5133.85"
2666,"Stephanie Horton","4","5131.78"
883,"Jason Morgan","4","5131.77"
677,"Heather Sexton","6","5131.74"
2390,"Luis Carr","5","5126.93"
1014,"James Romero","4","5126.53"
2959,"Lawrence Montgomery","6","5123.58"
457,"Haley Wright","5","5123.55"
1011,"Anthony Dickerson","5","5122.25"
2440,"Jessica Miller","5","5120.51"
1829,"Molly Wallace","4","5119.13"
272,"Sheena Rodriguez","5","5112.26"
574,"Ronald Lopez","4","5101.40"
2145,"Wendy Newman","6","5095.69"
2092,"Mr. Casey Collins","4","5091.82"
1334,"Cody Phelps","6","5090.02"
2099,"Alexander Patterson","7","5080.18"
1622,"Sarah Taylor","5","5080.07"
1916,"Carrie Flores","5","5075.14"
1886,"Kevin Wall","4","5073.55"
1737,"Maria Berry","5","5073.41"
329,"Lisa Santana","6","5057.07"
1717,"Jessica Mendez","4","5051.59"
1129,"Gerald Gomez","4","5049.59"
2149,"Sarah Hernandez","5","5045.49"
1967,"Roberto Chen","6","5045.17"
21,"Susan West","4","5043.47"
1038,"Carol Pham","5","5040.05"
2932,"April Jackson","6","5036.43"
2382,"Matthew Hayden","4","5036.05"
1,"Cassandra Parks","5","5026.00"
2356,"Mindy Johnson","4","5015.08"
1514,"Xavier Ibarra","4","5013.67"
401,"Matthew Goodman","7","5009.29"
2680,"Melissa Erickson","4","5007.00"
1128,"Jonathan Phillips","7","5006.68"
2372,"Joshua Brown","6","5003.24"
1218,"Jessica Harris","5","5001.65"
747,"Brian Bauer","3","4994.23"
96,"Gina Harris","5","4991.96"
2760,"Heather Moore","5","4988.80"
456,"Stephanie Allison","4","4988.31"
1963,"Jeremiah May","4","4984.78"
2725,"Anna Roth","5","4984.00"
35,"Cynthia Meza","5","4983.75"
1279,"Deborah Thomas","4","4983.09"
2060,"George Suarez","5","4982.13"
2469,"Alicia Kemp","4","4981.55"
1598,"Mary Taylor","8","4981.51"
730,"Justin Moran","4","4962.73"
2091,"Melissa Hernandez","6","4958.81"
209,"Christopher Herring","3","4953.92"
2280,"Timothy Hall","6","4951.59"
553,"Cynthia Cameron","3","4947.75"
565,"Kimberly Bender","7","4940.24"
2260,"Sean Harrison","5","4938.98"
2953,"Michele Jefferson","6","4936.35"
2737,"Mr. Ryan Henderson","5","4932.71"
1437,"Curtis Blake","4","4932.70"
446,"George House","6","4929.95"
115,"Kimberly Perry","5","4925.63"
1663,"Kerri Nelson","4","4923.47"
2041,"Brian Torres","3","4923.29"
2967,"Stanley Serrano","5","4922.94"
2946,"Samantha Luna","5","4906.12"
2978,"John Petty","6","4891.26"
986,"Charles Barnes","3","4882.62"
2646,"Randy Russell","6","4875.17"
1061,"Sarah Ferguson","3","4872.38"
393,"Tyler Martinez","4","4867.80"
1001,"James Heath","6","4863.03"
990,"Thomas Saunders","5","4862.13"
2862,"Christina Lopez","6","4858.79"
2093,"Shelby Hayes","5","4847.48"
1944,"Frances Brown","4","4847.37"
363,"Carlos Brady","3","4846.46"
1116,"Brent Sanchez","6","4845.55"
2244,"Mark Crawford","4","4844.03"
722,"Debra Vazquez","3","4842.62"
1346,"Christine Gonzalez DVM","4","4841.09"
2243,"Brandon Stone","4","4830.01"
2075,"Debra Kemp","4","4817.99"
704,"Kelly Fletcher","4","4816.13"
1547,"Christina Simpson","5","4816.05"
2972,"Mary Marsh","6","4812.87"
1854,"Jeffrey Anderson","4","4810.79"
899,"John Nichols","4","4808.81"
2464,"Jamie Reese","5","4799.43"
540,"Mr. Duane Fuller","5","4797.90"
547,"Nicholas Guerrero","4","4796.34"
51,"Taylor Arnold","5","4780.85"
1983,"Julia Owen","6","4776.48"
560,"John David","4","4770.25"
491,"Lindsey Hess","5","4762.60"
396,"Ashley Thomas","6","4761.26"
2710,"Alan Curtis","4","4759.91"
611,"Keith Munoz","4","4758.60"
1752,"John Stephens","6","4748.52"
1870,"Renee Perez","3","4748.29"
1312,"Ricky Stephens","4","4747.34"
1523,"Susan Davis","3","4746.02"
1255,"Jody Miller","5","4744.33"
1595,"Michael Baldwin","4","4741.17"
50,"Shawn Mack","3","4732.43"
777,"John Rodriguez","5","4731.84"
2868,"Sean Davis","6","4730.68"
385,"Jennifer Adams","5","4728.61"
863,"Caleb Martin","4","4722.25"
2456,"Jordan Davis","7","4719.75"
1784,"Melvin Farrell","5","4717.88"
2686,"Martha Smith","6","4705.16"
1084,"Joshua Baldwin","4","4700.63"
618,"Michael Fleming","4","4682.56"
2240,"Melinda Roberts","5","4681.45"
1867,"Sydney Avila","5","4679.78"
1087,"Jonathan Vasquez","6","4671.73"
413,"Clinton Roberts","4","4671.26"
602,"Amanda Terrell","5","4671.11"
226,"Dana Munoz","5","4670.62"
2556,"Courtney Martinez","5","4667.69"
2620,"Judy Willis","4","4666.36"
307,"Marcus Figueroa","3","4646.36"
1959,"Timothy Davis","4","4646.04"
165,"James Ochoa","4","4644.74"
888,"Dr. Rachael Buchanan","4","4643.41"
270,"David Hensley","4","4640.17"
702,"Ryan Mcguire","4","4638.06"
2010,"Carlos Mcdaniel","4","4636.73"
323,"Robert Warren","4","4630.45"
1906,"Kristina Santos","5","4626.30"
2413,"Timothy Chandler","5","4617.98"
2930,"Kelly Gonzalez","7","4616.93"
2857,"Shawn Wang","4","4615.17"
1529,"Bethany Schmidt","3","4613.14"
1214,"Kenneth Torres","5","4611.18"
1780,"Samantha Taylor","5","4602.96"
169,"James Medina","4","4600.66"
11,"Barbara Fowler","4","4599.35"
2782,"Dustin Vasquez","3","4599.16"
1773,"Adam Robinson","3","4598.95"
1740,"Michael Franklin","5","4597.17"
852,"Brenda Perkins","6","4583.10"
2269,"Sharon Myers","4","4581.88"
1540,"Christopher Dillon","4","4578.70"
1080,"John Johnson","5","4574.57"
1750,"Sandra Davis","3","4574.54"
1962,"Patricia Vargas","4","4573.93"
1394,"Gregory Foster","5","4570.23"
808,"Taylor Salinas","3","4561.34"
2325,"Melissa Rivera","5","4560.74"
1760,"Eric Perry","4","4557.60"
552,"Beth Hays","6","4557.51"
2228,"Linda Monroe","4","4550.36"
2694,"Wendy Spence","4","4531.11"
2012,"Amy Green","5","4530.98"
2384,"Courtney Hardy","4","4521.14"
13,"Breanna Stark","4","4517.62"
1961,"Michael Woodward","4","4516.87"
112,"Victor Woodward","4","4516.79"
1420,"Maria Clark","5","4508.26"
810,"Teresa Moon","4","4505.56"
2404,"Theresa Brown","4","4501.24"
951,"Gary Barr","5","4495.01"
2363,"Mrs. Erin Allen","3","4494.95"
116,"Marissa Smith","7","4494.29"
70,"Jessica Miller","5","4480.41"
594,"Phillip Mcdowell","5","4470.19"
2655,"Joel Parsons","5","4465.46"
2973,"Collin Silva","5","4464.97"
2806,"Ryan Rubio","4","4463.00"
1890,"Patricia Kelly","4","4461.71"
1273,"Joel Smith","4","4460.07"
2418,"Alyssa Martinez","5","4459.98"
1732,"Lori Williams","4","4459.08"
1316,"Richard Ward","4","4452.14"
729,"Diane Figueroa","4","4449.02"
93,"Deborah Miller","4","4443.33"
150,"Christopher Rangel","5","4442.61"
310,"Elizabeth Barnes","3","4440.81"
1725,"Elizabeth Gonzales","5","4440.13"
1191,"Charles Mckenzie","3","4439.46"
1518,"Todd Lucas","5","4437.00"
1226,"Nicole Smith","4","4436.20"
281,"Jill Harding","3","4435.04"
1258,"Mary Watts","5","4433.02"
1380,"Madison Whitehead","4","4428.75"
1328,"Curtis Curtis","5","4427.41"
2897,"Sara Ford","3","4427.35"
530,"Jason Watkins","5","4423.73"
1535,"Rebecca Johnston","5","4416.21"
1596,"Sabrina Brown","4","4415.03"
1003,"Maxwell Hall","4","4412.56"
1154,"Raymond Nguyen","4","4409.86"
587,"Dr. Thomas Vaughn MD","4","4407.85"
88,"Jacob Lewis","4","4402.50"
1359,"Tiffany Reese","5","4398.55"
478,"Steven Smith","4","4393.60"
1144,"Emma Jackson","3","4392.45"
2397,"Jackie Harrell","4","4388.59"
2518,"Gregory Roberson","3","4384.88"
2702,"Mr. Ralph Nichols","5","4379.61"
1974,"Edwin Brown","4","4374.60"
925,"Tony Montgomery","5","4356.37"
1799,"Jacob Gonzalez","5","4355.51"
2703,"Laura Humphrey","4","4351.26"
2394,"Diane Sanchez","5","4351.10"
2583,"Susan Bell","4","4346.39"
1006,"Megan Hale","3","4334.39"
2752,"Joseph Sparks","3","4326.48"
774,"Bryan Collins","5","4323.25"
229,"Olivia Ortiz","3","4320.94"
261,"Fernando Holt","3","4316.55"
668,"Sandra Munoz","4","4311.15"
1728,"Christopher Bell","5","4289.16"
161,"Sherri Bass","7","4285.16"
291,"Kristina Dixon","4","4285.08"
567,"Kylie Porter","3","4282.21"
2873,"Gary Elliott","3","4278.34"
1456,"Sarah Page","4","4277.31"
726,"Isaac Villarreal","3","4262.57"
139,"Angela Long","4","4260.43"
1430,"Laura Richardson","6","4260.00"
2844,"Victoria Santos DVM","6","4255.45"
1953,"Dr. Michael Lee DDS","4","4255.11"
1896,"Gary Johnson","3","4254.28"
2822,"Theresa Peterson","3","4248.84"
271,"Stacy Schneider","4","4248.48"
2943,"Dennis White","5","4247.90"
1106,"Matthew Miranda","3","4245.37"
836,"Sheryl Hanson","4","4243.15"
2428,"Robin Davis","4","4238.11"
1527,"Catherine Moore","3","4236.25"
2412,"Christopher Wolf","3","4235.49"
1562,"Melissa Carrillo","5","4229.91"
666,"Jacob Edwards","3","4223.49"
2860,"Richard Hansen","3","4221.06"
725,"John Howard","5","4220.47"
1843,"Jeffery Baker","4","4213.36"
1206,"Dr. Shelly Pugh MD","4","4208.38"
2226,"Julia Lewis","4","4208.36"
1634,"Latoya Moreno","7","4208.14"
305,"Heather Williams","4","4204.78"
797,"Lauren Morton","5","4204.34"
2777,"Christian Reeves","3","4193.40"
572,"David Jones","3","4193.24"
1276,"Richard Simpson","6","4192.82"
1969,"Mrs. Laurie Evans DVM","4","4187.72"
217,"Dana Walker","6","4180.87"
2988,"Lisa Conner","4","4179.94"
573,"Joseph Marshall","4","4173.04"
64,"Crystal Allen","4","4169.11"
1233,"Todd Lara","4","4167.16"
698,"Mark Guerrero","7","4162.82"
1261,"Christopher Jones","3","4161.63"
2585,"Rachael Miller","3","4160.85"
2498,"Samantha Williams","5","4160.34"
2998,"Brenda Johnson","7","4157.68"
506,"Jennifer Olson","6","4156.74"
2471,"Guy Hunter","3","4151.74"
319,"Claudia Harris","5","4146.81"
2373,"David Powell","4","4146.20"
2324,"Kyle Caldwell","4","4143.33"
1224,"David Hoffman","6","4140.69"
1175,"Brian Garcia","3","4138.71"
555,"Jeanne Arnold","5","4137.69"
2892,"Amy Hernandez","3","4136.02"
514,"Stephen Hamilton","3","4131.92"
2177,"William Austin","4","4131.77"
684,"Daniel Anderson","5","4130.17"
2877,"Jason Wyatt","3","4129.01"
1059,"Matthew Price","3","4122.69"
2527,"Victoria Pena","5","4107.83"
870,"Shawn Byrd","4","4102.17"
1755,"Taylor Morrison","3","4098.83"
1000,"Jesse Thomas","4","4097.26"
1764,"Matthew Wright","5","4089.23"
1243,"Steven Martinez","3","4085.94"
101,"Garrett Campbell","3","4085.14"
2950,"Jose Lambert","6","4083.46"
1560,"Justin Ward","5","4083.43"
2480,"James Harvey","5","4082.56"
539,"Deborah Nguyen","3","4081.53"
1758,"Angela Hoffman","4","4079.85"
2086,"Michael Logan","4","4076.19"
613,"Kyle Walker","4","4073.53"
2641,"Joshua Haynes","5","4072.62"
1933,"Jason Acosta","3","4071.81"
2481,"Teresa Suarez","3","4071.33"
1779,"Ashley Morgan","3","4070.49"
311,"Erika Gonzales","4","4068.68"
1820,"Robert Davis","4","4065.33"
479,"Mr. Adam Rogers DVM","4","4064.84"
1757,"Joseph Hernandez","5","4062.03"
314,"Jo Castillo","4","4061.05"
1200,"Emily King","5","4054.26"
2081,"Tammy Smith","3","4049.40"
1965,"Debra Kramer","4","4047.38"
1606,"Robert Jones","4","4043.14"
2222,"Anne Chaney","4","4027.10"
1807,"Jacqueline Miller","4","4020.81"
1398,"Michelle Carter","5","4008.07"
158,"Kevin Smith","3","4007.61"
173,"Jesus Hopkins","4","4003.58"
943,"Deborah Miller","3","4001.88"
1482,"Victor Calderon","3","4001.32"
2124,"Jacob Walters","3","3999.78"
2237,"Alan Lopez","3","3999.29"
1895,"Aaron Archer","3","3998.23"
2677,"Robert Collier","3","3997.30"
1079,"Amy Mccullough","5","3989.94"
2221,"Robert Brown","4","3981.30"
488,"Michael Hall","2","3976.93"
1883,"Mark Ryan","3","3975.98"
2565,"Clarence Long","4","3957.06"
1415,"Megan Huang","3","3952.78"
2637,"Richard Shaw","5","3950.32"
90,"Christopher Lee","5","3946.97"
1771,"David Fisher","4","3943.22"
1288,"Matthew Fuller","5","3942.85"
1439,"William Crawford","4","3940.17"
2267,"Jacob Valencia","5","3939.62"
326,"Whitney Robertson","3","3934.10"
2537,"Miss Alexis Palmer","5","3928.13"
1838,"Dawn Strong","3","3923.32"
1471,"Kathleen Mcintosh","5","3922.87"
1913,"Kimberly Rodriguez","5","3919.64"
987,"Alexandria Murray","3","3914.30"
2699,"Michelle Webb","3","3913.53"
453,"Katherine Edwards","4","3911.69"
1445,"Zachary Sharp","3","3893.98"
242,"Juan Adams","5","3892.74"
1438,"Robert Gomez","4","3889.46"
1032,"Carrie Washington","3","3889.26"
2311,"Jessica Robinson","6","3888.46"
2227,"Kristopher Smith","4","3885.61"
1310,"Robert Humphrey","3","3882.01"
2174,"Keith Booker DDS","3","3876.71"
652,"Brittney Marshall","4","3875.99"
227,"Jeffrey Williams","2","3873.25"
284,"Jordan Rogers","3","3871.67"
2803,"Darius Miller","7","3859.34"
2049,"Christine Martinez","5","3856.80"
1101,"Paul Martinez","4","3856.14"
1582,"Andrew Rodriguez","3","3844.44"
549,"Stephanie Beck","2","3842.44"
767,"Theodore Wilson","4","3841.68"
1450,"Maria Solis","4","3838.87"
1727,"Vincent Jones","2","3837.66"
1249,"Benjamin Haas","3","3833.58"
1462,"Nathaniel Johnston","3","3833.55"
213,"Sharon Ryan","4","3832.52"
736,"Patrick Williams","6","3831.91"
1832,"Christina Dennis","7","3828.10"
512,"Danny Johnson","4","3826.80"
2990,"Devin Simmons","4","3825.24"
487,"Victor Acosta","4","3821.97"
2903,"Beverly Davis","3","3820.92"
2976,"Sharon Swanson","3","3804.14"
2485,"Monica Saunders","3","3803.18"
1605,"Trevor Smith","3","3801.10"
2989,"Maria Ross","4","3795.81"
1357,"Kyle Whitaker","4","3793.96"
2745,"Kayla Cortez","3","3790.06"
1190,"Russell Gomez","4","3787.77"
109,"Richard Perez","3","3784.09"
2539,"Daisy Woodward","4","3768.65"
577,"Eric King","6","3762.42"
1236,"Tara Thomas","3","3762.22"
1037,"Gina Bush","4","3757.20"
2743,"Andrea Williams DVM","4","3756.27"
1419,"Jennifer Anderson","5","3755.22"
89,"Robin Forbes","3","3747.92"
1766,"Devin Yu","3","3745.60"
19,"Kayla King","4","3745.16"
2321,"David Davis","4","3742.05"
1308,"Christopher Carter","2","3741.28"
157,"Shaun Deleon","3","3741.05"
2453,"Rachel Rubio","4","3740.84"
2094,"Jose Jones","5","3739.85"
2213,"Tonya Davis","3","3737.27"
306,"Nichole Barnes","5","3734.12"
2263,"Monica Daugherty","3","3731.83"
2190,"Ethan Moore","4","3729.28"
954,"Brian Smith","5","3724.18"
2529,"Matthew Roberts","3","3722.35"
2807,"Melissa Reyes","3","3722.09"
1644,"James Gross","4","3720.73"
2827,"Monica Allen","4","3715.09"
2783,"Erin Jones","3","3714.76"
563,"Carl Greer","4","3714.76"
2650,"Jessica Baldwin","3","3712.95"
2152,"Mark Hinton","3","3709.04"
102,"Terry Patrick","4","3702.51"
2566,"Heather Haney","2","3702.03"
2335,"Justin Townsend","4","3701.96"
1136,"William Braun","4","3693.26"
2731,"Debbie Frey","4","3689.67"
2375,"William Young","3","3687.33"
172,"Samantha Avila","3","3685.06"
941,"John Williams","2","3684.89"
599,"Linda Byrd","4","3684.17"
2705,"Maria Wilson","3","3683.38"
1455,"Brandon Mayer","6","3678.65"
2019,"Shirley Potter","4","3677.68"
2837,"Timothy Harris","5","3677.15"
1995,"Brian Brown","4","3663.62"
285,"Steven Maxwell","4","3655.92"
2734,"Jordan Herrera","3","3651.87"
2882,"Hunter Wells","3","3644.56"
2938,"Sheri Combs","3","3644.16"
2547,"Brandon Larson","5","3638.94"
2834,"Jason Sullivan","3","3629.19"
1601,"Samuel Montgomery","4","3628.95"
2361,"Cassie Anderson","2","3628.81"
492,"Christina Thomas","6","3626.45"
939,"Steven Garcia","4","3620.10"
2856,"Wendy Hill","4","3613.50"
84,"Roy Patel","2","3611.97"
1052,"Karen Campbell","2","3610.81"
2969,"Matthew Sanchez","5","3610.00"
1043,"James Lopez","3","3607.48"
2307,"Christine Navarro","3","3602.95"
1252,"Michael Burns","2","3597.33"
1494,"Mary Moon","2","3597.19"
403,"Daisy Morales","5","3596.00"
2008,"Kevin Chandler","3","3594.34"
2681,"Stephanie Buchanan","3","3589.91"
1564,"Virginia Brown","3","3589.72"
234,"David Singh","2","3589.45"
1972,"Jennifer Bautista","5","3584.22"
2452,"Gary Avery","5","3581.56"
2151,"Mr. James Smith","3","3574.43"
2115,"Sean Bass","5","3570.36"
1700,"Tracy Ward","4","3568.36"
711,"Alice Martinez DVM","3","3566.47"
2209,"Tracy Castillo","2","3562.45"
2542,"Michele Williams","2","3560.37"
2235,"Misty Watson","4","3558.51"
2000,"Sharon Ortega","3","3553.09"
2638,"Jennifer Ballard","4","3552.90"
1185,"Patricia Foster","3","3550.50"
2644,"Brenda Ingram","3","3549.30"
129,"Debra Baker","5","3547.66"
407,"Marilyn Gray","4","3546.61"
1042,"Barbara Fuller","4","3534.66"
1074,"Melissa Dorsey","3","3532.24"
501,"Todd Duncan","4","3525.03"
2755,"Mary Clark","2","3521.62"
1851,"Robert Green","6","3521.16"
850,"Laura Schneider","3","3495.01"
2623,"Cynthia Campbell","5","3493.85"
1852,"Jeffrey Fields","3","3493.65"
632,"Jennifer Orozco","3","3492.71"
696,"John Griffith","3","3490.19"
754,"Jeffrey Diaz","3","3487.57"
502,"Brad Schwartz","3","3485.80"
601,"Cesar Parker","2","3485.11"
417,"Cheryl Melendez","3","3483.56"
2018,"Gregory Patterson","4","3480.08"
603,"Tabitha Braun","3","3479.00"
2455,"James Lambert","3","3477.18"
1782,"Robert Lane","4","3474.55"
2574,"Devin Foster","4","3462.53"
1534,"Darren King","2","3462.31"
2616,"Maria Benton","3","3456.07"
1903,"Barbara Townsend","3","3451.66"
2111,"Sydney Pittman","4","3451.08"
2776,"Rhonda Smith","2","3448.11"
1649,"Mr. Joshua Goodwin","3","3447.88"
1619,"Michael Lee","4","3444.41"
1367,"Stephanie Chen","2","3437.57"
365,"Lisa Martin","5","3431.75"
485,"Jesse Richards","4","3426.66"
1537,"Beverly Farmer","3","3426.22"
984,"Christine Harvey","2","3424.21"
186,"Donald Good","2","3423.11"
979,"Brittany Ballard","3","3420.41"
550,"Mario Archer","4","3410.53"
1893,"Kathy Taylor","3","3408.96"
1073,"Erin Jones","4","3406.96"
5,"Howard Robinson","2","3403.85"
801,"Alejandro Esparza","3","3403.70"
1324,"Destiny Martin","5","3401.79"
649,"Lisa Nguyen","4","3401.60"
147,"Maria Perez","4","3397.92"
33,"Joy King","4","3396.56"
786,"Elizabeth Brown","2","3395.27"
2071,"Jeffrey Randolph","2","3374.81"
233,"Cynthia Campbell","4","3371.06"
1356,"Patrick Waters","3","3370.31"
2044,"Thomas Crosby","3","3367.94"
822,"Christopher Krause","5","3367.55"
2154,"William Bell","3","3365.99"
1917,"Traci Marsh","2","3363.13"
390,"Stephanie Harvey","2","3355.49"
85,"April Stephens","3","3353.29"
631,"William Perez","3","3352.05"
2894,"Joseph Stafford","3","3349.00"
1853,"Stacey Williams","4","3347.50"
1708,"Mr. William Kline Jr.","3","3345.60"
2073,"Lynn Barnett","2","3345.03"
92,"Dean Hoffman","5","3341.13"
2162,"Michael Simmons","2","3340.15"
623,"Mrs. Allison Evans","2","3338.08"
1211,"Bethany Banks","4","3336.48"
1227,"Martha Scott","3","3335.93"
175,"George Howell","5","3330.50"
1139,"Donna Strickland","4","3325.70"
1881,"Theresa Carter","2","3324.91"
2504,"Christina Joseph","3","3324.37"
1295,"Amanda Williams","2","3324.14"
1831,"Daisy Duncan","3","3322.74"
608,"Rick Taylor","5","3321.59"
1159,"Laura Rogers","3","3314.35"
1604,"Nicholas Burke","4","3302.40"
1671,"Heather Crane","2","3301.73"
462,"John Hatfield","3","3298.44"
258,"David Wilson","4","3295.98"
992,"Christopher Irwin","4","3295.05"
336,"John Cannon","4","3294.41"
1257,"Nicole Serrano","5","3290.60"
1522,"Allen Hatfield","2","3289.77"
1306,"Grant Malone","4","3287.16"
2069,"Chad Terry","4","3284.23"
339,"Jason Callahan","4","3272.19"
427,"Daniel Carlson","2","3271.83"
2173,"Melissa Kelly","3","3265.88"
962,"Karen Cortez","3","3263.54"
1172,"Andrew Brooks","3","3260.99"
1778,"Linda Williamson","2","3260.31"
782,"Leslie Schmidt","3","3256.67"
2672,"Darren Jackson","3","3256.39"
544,"Kathy Irwin","4","3255.08"
2214,"Michael Hanson","3","3243.54"
2040,"Lisa Lara","3","3242.48"
1603,"William King","2","3241.99"
735,"Jennifer Stevenson","4","3240.50"
483,"Jeffrey Cox","4","3235.88"
865,"Jessica Nguyen","3","3230.78"
1635,"Whitney Allen","2","3229.53"
1413,"Katherine Cummings","2","3221.12"
1417,"Chelsea Ferguson","4","3211.20"
2305,"Sarah Wood","3","3195.93"
2187,"Charles Mullen","2","3195.21"
818,"Nina Hernandez","3","3188.14"
2594,"Gregory Mccann","5","3186.00"
1680,"Danielle Mitchell","2","3180.14"
2656,"Troy Cook","3","3179.53"
1082,"Brian Thornton","3","3173.86"
1844,"Samuel Sanchez","3","3173.28"
144,"Megan Vega","3","3170.32"
620,"Barbara Nguyen","4","3165.16"
99,"Susan Williams","4","3164.60"
215,"Crystal Cummings","3","3164.28"
223,"Carl Padilla","3","3162.27"
279,"Nathaniel Burns","3","3159.66"
2262,"Andrea Khan","2","3146.89"
2002,"Lance Nguyen","2","3142.50"
1307,"George Saunders","6","3140.66"
260,"Amanda Simpson","3","3139.88"
1416,"Justin Benjamin","3","3139.59"
733,"Kenneth Bailey","3","3134.04"
847,"Kara Vincent","3","3132.11"
1103,"Amanda Ryan","5","3114.95"
152,"Jacqueline Gonzalez","2","3108.04"
1905,"David Brown","2","3107.69"
931,"Paul Jones","4","3107.57"
263,"Lori Mcbride","4","3106.02"
2954,"Brianna Martinez","4","3102.40"
827,"Robert Russo","5","3099.94"
1643,"Nicole Rogers","3","3098.48"
1262,"Lisa Smith DVM","4","3098.14"
3000,"Robert Mckee","3","3085.24"
2299,"Dustin Johnson","3","3085.15"
477,"Andrea Wilson","2","3083.07"
1866,"Lauren Jones","2","3082.68"
934,"Thomas Rowe","4","3081.52"
1552,"Christine Griffith","3","3072.63"
1569,"Shawn Collins","4","3072.06"
2787,"Rebecca Lawson","2","3071.51"
2282,"Calvin Wise","3","3070.80"
1828,"Jennifer Myers","2","3061.42"
800,"Mr. Jason Schmidt MD","3","3059.76"
2865,"Brent Hughes","2","3058.79"
1907,"Melvin Diaz","4","3057.63"
527,"Judy West","3","3055.32"
1449,"Monica Edwards","3","3053.97"
2590,"Terri Richards","2","3053.00"
26,"Jennifer Mullen","2","3051.76"
1599,"Christian Flores","5","3050.25"
2443,"Cassandra Oneill","2","3045.40"
2370,"Brett Lindsey","3","3042.30"
1788,"David Melton","2","3038.30"
2057,"Howard Lane","3","3032.37"
2096,"Jose Fitzgerald","3","3032.30"
2055,"Leslie Ford","3","3032.26"
2528,"Tammy Nelson","3","3030.57"
1511,"Marilyn Olson","5","3030.16"
346,"Andrew Cortez","4","3028.28"
2293,"Christopher Gray","3","3024.65"
17,"James Davis","2","3020.61"
2251,"Alfred Sullivan","4","3020.45"
1826,"Kellie Greene MD","2","3015.19"
9,"Michael Hudson","3","3014.98"
2514,"Robert Campbell","2","3014.41"
1503,"Dana Wright","3","3011.37"
1692,"Dustin Burton","2","3000.71"
1507,"Angela Estrada","3","2996.26"
2958,"Ashley Lee","5","2990.97"
2399,"Melissa Harrison","3","2984.93"
2695,"Louis Brown","2","2980.21"
1531,"Daniel Martinez","3","2977.27"
2377,"Angela Perez","4","2975.27"
548,"Tiffany Rojas","3","2971.90"
1561,"Christian Campbell PhD","3","2967.78"
2218,"Lisa Cisneros","3","2962.79"
814,"Timothy Norris","3","2956.78"
1466,"Steven Tucker","2","2950.22"
1209,"Mary Thompson","4","2945.97"
1264,"Marissa Williams","3","2942.70"
2913,"Michele Medina","4","2929.50"
699,"Linda Logan","2","2926.09"
2847,"Kevin Long","3","2920.29"
2986,"Erin Nguyen","5","2920.15"
2159,"Terri Baker","2","2913.58"
259,"Michael Anderson","4","2904.98"
369,"Mary Holloway","3","2898.79"
654,"Jerome Pruitt","2","2896.45"
1669,"Jerry Bailey","2","2886.86"
1587,"Dr. Daniel Bowman","3","2883.42"
2538,"Jordan Walters","3","2880.03"
759,"Katie Haney","4","2871.68"
960,"Austin Hartman","3","2870.95"
2333,"Curtis Acosta","4","2868.45"
670,"Brian Elliott","3","2863.81"
1090,"David Woods","3","2863.23"
2034,"Bobby Brown","2","2862.28"
1322,"Joshua Marshall","2","2859.97"
208,"Dr. Peter Robinson","3","2859.42"
637,"Todd Campbell","4","2859.33"
428,"Kathleen Carson","3","2859.07"
366,"Jacob Mitchell","2","2852.41"
1410,"Jeffrey Lara","3","2852.20"
869,"Daniel Oneill","2","2851.39"
680,"Patricia Lane","3","2839.59"
2955,"Denise Cooley","2","2838.54"
2738,"Nicole Lewis","2","2837.84"
715,"James Preston","3","2834.89"
1800,"Julie Morgan","4","2834.01"
1971,"Michelle Perkins","2","2822.14"
2217,"Daniel Smith","4","2819.72"
2230,"Allison Miller","2","2818.66"
624,"Virginia Washington","5","2818.11"
766,"Todd Walker","2","2804.96"
1493,"Crystal Brown","2","2804.81"
911,"Timothy Phillips","3","2802.29"
561,"David Mcdonald","5","2801.54"
2208,"Colton Russell","3","2799.18"
371,"Tammie Golden","2","2798.97"
839,"Amber Martinez","5","2797.33"
2603,"Timothy Harrell","3","2794.95"
1675,"Hannah Hall","4","2792.28"
2798,"Bruce Thomas","3","2790.25"
2146,"Faith Anderson","3","2789.16"
2657,"Jamie Mccarty","3","2785.91"
1464,"Jimmy Guerrero","2","2784.90"
1222,"Paul Taylor","2","2783.93"
1341,"Tina Torres","2","2782.95"
359,"Bryan Thornton","2","2777.81"
443,"Amy Young","2","2777.15"
2874,"Michelle Hart","3","2768.80"
924,"Matthew Bolton","3","2761.40"
1777,"Phyllis Saunders","3","2759.57"
1938,"Kristina Phillips","3","2759.39"
335,"Mark Phillips","3","2754.38"
476,"Brent Davis","4","2750.98"
2063,"Frank Vega","4","2750.43"
2119,"Jeffrey Conrad","3","2740.13"
46,"James Nixon","2","2739.08"
891,"Mrs. Brenda Mccarty","2","2737.20"
134,"Jennifer Evans","3","2735.69"
1662,"Steven Harrison DDS","3","2730.57"
2997,"Daniel Richardson","3","2724.85"
437,"James Peters","3","2714.05"
559,"Melissa Oliver","2","2708.79"
728,"Tamara Mitchell","4","2708.75"
2525,"Robin Bolton","6","2708.48"
1745,"Micheal Sanchez","2","2708.17"
564,"Sandra Mendoza","3","2698.40"
2714,"Allison Taylor","3","2696.05"
1698,"Cynthia Davis","2","2694.76"
230,"Wayne Jackson","3","2693.34"
646,"Andrew Wilson","3","2692.32"
1127,"Jennifer Rodriguez","2","2690.38"
1350,"Catherine Griffin","4","2686.90"
1819,"Devon Anderson","2","2685.16"
2220,"Tammy Cobb","4","2684.27"
1775,"Michael Hall","2","2683.97"
486,"Carrie Haynes","4","2677.20"
1027,"Angela Christian","3","2675.40"
742,"Ashley Scott","2","2673.61"
1062,"Erin Allen","3","2672.94"
828,"Timothy Myers DDS","3","2669.24"
110,"Timothy Davila","2","2665.87"
2601,"Kenneth Anthony","2","2661.43"
3,"Megan Martin","5","2657.33"
2169,"Kari Coleman","4","2656.74"
2402,"Judy Galloway","3","2655.84"
2472,"Amanda Wilson","3","2653.96"
1855,"Anthony Jackson","3","2650.60"
1627,"Joshua Morales","3","2644.94"
2968,"Christina Hickman","4","2643.76"
2264,"Sheila Ramos","2","2639.12"
1836,"John Castro","3","2638.94"
871,"Erica Peterson","2","2638.93"
1792,"Alexander Vega","2","2632.43"
793,"Brenda Johnson","4","2631.19"
2544,"Rebecca Moore DDS","2","2631.08"
1565,"Eric Rodriguez","3","2630.15"
2385,"Thomas Gutierrez","2","2625.88"
45,"Jose Barnett","5","2618.62"
1119,"Krista Cruz","3","2617.84"
468,"Diane Vasquez","3","2616.70"
719,"Brent Rios","3","2616.33"
2338,"Wanda Oliver","3","2615.63"
720,"Kristina Gallegos","2","2613.28"
1132,"Nicole White","3","2613.22"
252,"Jesse Wilson","2","2607.65"
2640,"Bradley Madden","4","2606.30"
2762,"Elizabeth Yang","3","2602.67"
522,"Ronald Davis","2","2602.63"
2610,"James Moran","2","2600.92"
2046,"Jesus Pugh","4","2597.44"
2598,"Patricia Ryan","3","2591.96"
750,"Patricia Moreno","2","2586.21"
1682,"Renee Floyd","3","2586.21"
1985,"Veronica Baker","2","2578.68"
1796,"Lindsey Faulkner","3","2574.40"
1945,"Douglas Ferguson","3","2568.21"
1931,"Christopher Lawson","2","2567.12"
1044,"Adam Adams","3","2558.69"
2364,"Chelsey Kelley","3","2551.84"
1987,"Michelle Neal","3","2547.10"
2983,"Clifford Murillo","3","2545.99"
2736,"Jeffrey Moody","2","2540.95"
1602,"Ivan Allen","2","2538.09"
2791,"Andrew Ware","2","2533.90"
2684,"Mrs. Candice Olson DDS","2","2533.19"
295,"Nathan Rowland","2","2530.74"
1046,"Matthew Salas","2","2530.37"
1871,"David Brooks","3","2530.09"
15,"Pamela Lee","2","2529.17"
2256,"Jonathan Valenzuela","3","2526.38"
387,"Kevin Hoffman","2","2525.96"
2642,"Charles Andrews","2","2521.81"
1280,"Veronica Bush","3","2520.53"
2165,"Angela Lopez","3","2515.48"
1405,"Ashley Page","3","2513.42"
1787,"John Woods","2","2506.73"
2298,"Christopher Ford","2","2504.40"
2664,"Christopher Rollins","2","2502.85"
1989,"Katrina Frye","3","2497.36"
831,"Levi Palmer","2","2495.15"
2168,"Ashley Sheppard","3","2486.65"
1863,"Kara Goodwin","2","2486.52"
1098,"Caitlin Dillon","2","2484.51"
1293,"Matthew Gonzalez","4","2481.81"
2849,"Alexandria Young","2","2477.63"
1765,"Victor Taylor","3","2477.37"
2022,"Scott Phillips","2","2475.13"
236,"Richard Moore","4","2475.13"
86,"Lisa Phillips","2","2469.98"
710,"Jared Reynolds","3","2469.55"
1475,"Andrew Coleman","4","2468.21"
518,"Steven Garcia","3","2465.47"
2339,"Eric Guerrero","2","2462.35"
2449,"Haley Kramer","4","2458.73"
513,"Daniel Simmons","2","2452.31"
2371,"Michelle Villa","2","2448.25"
2415,"Stanley Hodges","3","2442.22"
2910,"Michael Kelley","2","2440.94"
2918,"Carla Adams","3","2438.54"
1620,"Richard Williams","2","2436.05"
2283,"Jerry Barrett","3","2435.44"
375,"Levi Arias","2","2434.53"
1488,"Aaron Santiago","2","2430.84"
607,"Kristi Smith","3","2429.77"
2510,"Jeffrey Campbell","2","2429.53"
647,"Victoria Bryant","4","2428.97"
591,"Amy Miller","4","2423.41"
2067,"Tiffany Brown","2","2419.90"
2353,"Diana Kelley","4","2419.39"
2951,"Kayla Marks","3","2411.29"
1539,"Thomas Bennett","2","2411.26"
509,"Anita Martinez","2","2408.41"
1248,"Crystal Harmon","2","2408.37"
341,"Michael Simmons","2","2401.05"
2942,"Tamara Ruiz","4","2395.69"
1955,"Seth Nguyen","2","2394.68"
31,"Adam Martin","4","2381.74"
300,"Leslie Dennis","2","2381.68"
583,"Jennifer Watson","2","2380.70"
1251,"Michael Smith","3","2380.03"
2564,"Richard York","2","2377.18"
1654,"Jason Carter","2","2374.58"
2602,"Michael Garrett","4","2368.73"
2999,"Daniel Watson","3","2366.81"
2541,"Haley Jacobs","2","2363.09"
2153,"Gregory Christensen","2","2362.90"
600,"Angel Berry","3","2362.52"
183,"Kevin Pineda","3","2359.48"
994,"Samantha Holland","2","2352.02"
832,"Alexander Lawson","2","2350.76"
1833,"Becky Hayes","3","2348.57"
1939,"Brenda Fleming","3","2347.46"
313,"Erin Castaneda","3","2344.99"
199,"Andrea Rodriguez","2","2342.28"
1317,"Stephanie Gonzalez","2","2340.55"
2876,"Todd Young","2","2335.91"
2254,"Justin Jones","2","2335.53"
1163,"Craig Weber","2","2330.36"
2330,"Jacqueline Guerra","3","2328.79"
1911,"Kenneth Weber","3","2328.31"
2765,"Preston Smith","5","2322.97"
2314,"George Ramos","2","2301.03"
884,"Omar Hayden","2","2300.35"
1487,"Michael Jones","2","2299.80"
2661,"James Maxwell","2","2294.27"
744,"Jose Kim","2","2284.26"
2300,"Mrs. Laura Knight","3","2280.71"
2360,"Claudia Carter","2","2279.53"
333,"Nancy Dillon","2","2273.48"
1857,"Ethan Hess","2","2271.57"
1389,"Frances Jones","2","2259.46"
1433,"Brian Davis","3","2258.98"
489,"David Turner","2","2254.78"
1506,"Joanna Kennedy","2","2254.22"
2122,"Aaron Fuentes","2","2252.94"
484,"Rachael King","3","2252.44"
344,"Robert Paul","2","2251.76"
1078,"Allison Smith","2","2244.26"
402,"Jillian Medina","2","2243.83"
556,"Melissa Phillips","2","2242.79"
2462,"Pamela Randolph","3","2238.48"
1591,"Kaitlin Smith","2","2236.11"
1459,"Autumn Smith","2","2232.78"
2080,"Kathryn Johnson","2","2229.89"
2567,"Stephen Roberts","2","2226.14"
1092,"Michelle Smith","2","2224.11"
1468,"Toni Tran","2","2220.42"
2506,"Danielle Miller","2","2219.89"
1283,"Wayne Bush","2","2219.18"
166,"Jason Palmer","3","2218.95"
2072,"Ruth Ruiz","3","2217.98"
963,"Adrian Forbes","3","2211.55"
1696,"Mark Long","2","2208.60"
159,"Joshua Roberts","2","2204.77"
1018,"Michael Becker","2","2203.16"
2981,"Crystal Lopez","4","2199.82"
121,"Erin Stevenson","2","2196.52"
771,"Martha Green","2","2191.05"
1958,"Andrea Green","3","2190.60"
2764,"Taylor Johnson","2","2187.83"
283,"Marie Martinez","2","2181.73"
1584,"Jamie Martin","2","2181.63"
2204,"Matthew Harris","4","2170.89"
535,"Justin Soto","2","2158.24"
1593,"Michael Mcdonald","4","2157.74"
690,"Eugene Gonzalez","4","2151.86"
1179,"Laurie Evans","3","2151.71"
661,"George Anderson","2","2148.28"
942,"Melissa Sanchez","2","2146.98"
1344,"Joel Bell","4","2146.63"
893,"Nancy Shaffer","2","2145.96"
2117,"Mary Rivera","2","2145.84"
1155,"Jacqueline Bailey","3","2141.94"
1327,"Sonya Brown","2","2135.44"
1481,"Justin Ross","2","2116.63"
2606,"Richard Duarte","3","2112.67"
2196,"Jared Li","4","2105.13"
1580,"Samantha Roberson","2","2104.92"
2082,"Michael Murphy","3","2104.81"
2854,"Vanessa Thomas","2","2093.42"
126,"Jeffrey Stein","2","2091.47"
2180,"Alicia Payne","2","2085.08"
1724,"Robin Jordan","2","2084.25"
1588,"Teresa Brooks","3","2082.98"
289,"James Maldonado","4","2081.73"
1289,"Kyle Schneider","2","2071.99"
1067,"Kathleen Armstrong","3","2070.87"
2790,"Barbara West","2","2060.69"
1149,"Kathryn Martin","2","2056.88"
2136,"Daisy Walker","3","2051.28"
423,"James Bolton","4","2051.12"
1571,"Brittney Sanchez","2","2050.67"
2272,"Janice Zhang","2","2046.95"
1993,"Jennifer Brown","2","2046.38"
1899,"Jason Harris","2","2044.29"
2887,"Michael Li","2","2041.51"
2645,"Heather Wright","2","2030.49"
2772,"Rebecca Richardson","3","2029.01"
566,"Anthony Guzman","2","2028.03"
1296,"Jennifer Gonzalez","2","2026.05"
1065,"Jorge Schneider","4","2020.12"
1719,"Terry Young","2","2016.19"
2534,"Paul Santos","3","2011.17"
1007,"Hailey Baker","2","2008.87"
2074,"Donald Rivera","5","2005.09"
2912,"Tammy Fischer","3","1996.31"
846,"John Le","1","1994.64"
1050,"Melanie Stanton","1","1993.90"
2850,"Richard Rowe","2","1993.74"
2273,"Eric Molina","2","1993.28"
605,"Shannon Reese","3","1988.39"
1454,"Tyler Roberson","4","1986.52"
2502,"Patricia Villa","1","1985.82"
700,"Christopher Harmon","2","1985.41"
378,"Rhonda Dawson","3","1983.16"
604,"David Mccormick","3","1981.02"
2812,"Mr. Christopher Castillo DVM","1","1980.53"
10,"Teresa Smith","3","1980.21"
2607,"Jennifer Cruz","3","1975.58"
2611,"Samantha Smith MD","2","1973.75"
1335,"Matthew Medina","2","1973.31"
991,"Lindsey Shea","2","1972.33"
570,"Wesley Thomas","1","1966.15"
149,"Cesar Potter","2","1961.83"
1781,"Jeffrey Joyce","1","1961.51"
1885,"Kayla Edwards","1","1961.35"
14,"Michael Mcgee","3","1960.77"
433,"Melissa Norman","1","1959.76"
2127,"Yolanda Ortiz","1","1958.67"
384,"Sarah Hill","4","1957.58"
1694,"Roy Blankenship","3","1955.93"
1047,"Russell Blevins","1","1951.96"
755,"Charles Farrell","1","1950.40"
2499,"Brittney Price","2","1948.85"
2004,"Amy Banks","2","1948.37"
1117,"Lisa Clark","2","1944.55"
282,"Todd Collier","1","1943.49"
299,"Jessica Obrien","3","1940.58"
622,"Nancy Martinez","1","1938.86"
2343,"Albert Grant","2","1933.92"
1228,"Alexander Jones","1","1933.63"
1618,"Erica Lewis","2","1933.56"
1941,"Jonathan Velasquez","2","1929.80"
2763,"Darrell Stanton","2","1925.61"
1927,"Gary Little","4","1923.84"
2516,"Stephanie Gardner","1","1921.77"
2113,"Brian Mathews","1","1919.19"
2118,"Cesar Frederick","1","1918.58"
293,"Phillip Roth","2","1910.46"
1339,"Raymond Kaufman","3","1909.40"
237,"Brittney Espinoza","1","1907.86"
12,"Brittany Maldonado","1","1902.22"
2696,"Hannah Taylor","2","1901.69"
2501,"James White","1","1900.54"
1237,"Lisa Martin","1","1900.42"
525,"Lauren Simpson","1","1898.50"
2979,"Cheryl Fletcher","1","1894.98"
337,"Laura Woodard","1","1892.22"
2588,"Danielle Holmes","1","1891.41"
1533,"Stephen Smith","2","1890.58"
1089,"David Sullivan","3","1887.69"
2421,"Joshua Palmer","2","1885.54"
609,"Mr. Ronald Levy","2","1870.68"
980,"Nancy Wood","1","1866.61"
1744,"Margaret Edwards","2","1862.85"
665,"Joseph Hendrix","2","1852.64"
724,"Curtis Brandt","1","1850.99"
1203,"Taylor Stevens","1","1850.32"
2236,"Tyler Macdonald","4","1848.53"
1666,"Robert Garcia","1","1848.07"
2676,"Stephanie Forbes","3","1847.75"
1793,"Bradley Brown","2","1842.83"
1543,"Jessica Parker","1","1839.97"
1239,"Stephen Martinez","2","1833.82"
16,"Robin Cummings","2","1833.02"
2270,"Taylor Bennett","1","1832.39"
1631,"Joshua Davis","1","1830.54"
1720,"Briana Tran DDS","2","1822.01"
1427,"Erik Sanchez","2","1821.29"
897,"Melissa Donovan","1","1821.17"
746,"Shannon Vazquez","1","1817.63"
765,"Sean Ferguson","2","1817.20"
768,"Julie Hammond","1","1813.72"
1566,"Janice Bennett","3","1810.49"
1665,"Timothy Oneill","4","1803.90"
1077,"James Salazar","2","1799.48"
1746,"Misty Brewer","2","1798.41"
2551,"Robert Cox","1","1797.03"
2919,"Mark Norris","1","1794.49"
2355,"Keith Morales","2","1793.21"
2595,"Brian Mathis","1","1792.81"
2649,"Barbara Ross","3","1792.16"
1980,"Kristen Smith","1","1791.87"
964,"Robert Mcclure","2","1791.53"
2027,"Juan Fischer","1","1789.79"
1158,"Krista Gray","2","1787.89"
1002,"Sandra Cunningham","1","1786.27"
146,"Kimberly Davis","2","1782.68"
1721,"Elizabeth Perez","1","1777.71"
1016,"Mackenzie Neal","2","1773.25"
912,"James Wong","2","1772.38"
1664,"Lisa Wilson","2","1769.05"
320,"Tyler Edwards","2","1767.19"
1057,"Shawn Cobb","2","1766.17"
864,"Sara Peterson","2","1765.56"
2563,"Melinda Morris","2","1765.04"
2395,"Monica Wilson","1","1763.70"
2697,"Brian Andrews","1","1760.21"
2114,"William Salinas","1","1758.44"
2960,"Daniel Grant","2","1757.28"
1754,"Gregory Salazar","1","1756.93"
2147,"Christopher Bailey","1","1756.21"
1314,"Donna Richards","3","1752.17"
81,"Rebecca Freeman","3","1748.77"
1576,"Sarah Rodriguez","3","1743.30"
752,"Heather Anderson","1","1736.54"
347,"Michael Miller","2","1734.64"
2344,"David Robinson","1","1731.30"
2468,"James Woods","3","1730.76"
221,"Martin Sheppard","3","1725.82"
2411,"Ronald Williams","2","1719.80"
504,"Caitlin Knight","2","1712.64"
1858,"Marvin Douglas","1","1709.66"
2171,"Ryan Torres","1","1703.73"
1489,"Nicole Brooks","2","1702.55"
286,"Evan Garcia","3","1700.73"
2079,"Pamela Patterson","3","1699.65"
128,"Kurt Carter","2","1699.19"
2493,"Phillip Dunn","2","1699.14"
2137,"Jessica Boyer","2","1698.91"
1182,"Antonio Hernandez","1","1698.67"
2205,"Tammy Romero","2","1698.50"
2431,"Danielle Montoya","2","1693.32"
1679,"Adam Chung","2","1692.13"
1021,"James Velasquez","2","1689.95"
1005,"Stephen Stevenson","2","1689.95"
2036,"Ashley Elliott","2","1689.50"
1880,"Craig Marquez","3","1689.03"
762,"Micheal Perez","4","1683.17"
2804,"Christopher Hill","1","1681.83"
467,"Brian Alvarez","1","1681.66"
195,"Susan Underwood","3","1677.29"
424,"Margaret Henry","1","1671.88"
2615,"Richard Gonzalez","2","1671.45"
1960,"Hayden Barajas","1","1670.99"
44,"Charles Cisneros","2","1669.75"
619,"Eileen Myers","3","1666.85"
909,"Angela Mercado","3","1661.21"
182,"Kristine Brady","2","1660.01"
2808,"Nicole Bowman","2","1658.24"
2966,"Edward Walker","1","1656.72"
1611,"Sara Davenport","1","1652.49"
674,"Robert Randolph","1","1651.12"
2928,"Anna Gallagher","1","1645.74"
541,"Danielle Lopez","2","1645.01"
1460,"Sarah Moss","3","1643.33"
2675,"Paula Cannon","2","1642.73"
1934,"Eric Olson","2","1641.15"
2647,"Stacy Miller","1","1640.34"
324,"Juan Montgomery","1","1636.76"
683,"Tim Taylor","1","1632.66"
1039,"Michael Ross","1","1631.70"
1369,"Walter Hernandez","1","1631.04"
2053,"Elaine Bray","2","1626.06"
2401,"Frances Henderson","2","1618.44"
1683,"Alexandra Smith","2","1618.29"
2800,"Dennis Holmes","1","1610.55"
1300,"Kimberly Curtis","3","1599.04"
2952,"Cynthia Stanley","2","1598.14"
2944,"Connor Hill","1","1596.78"
49,"Anthony Williams","1","1591.32"
2322,"Don Collins","3","1586.38"
440,"Penny Thompson","1","1585.12"
2810,"Gregory Sandoval","1","1583.95"
376,"Gregory Porter","1","1583.62"
2340,"Andrew Chen","2","1580.40"
2070,"Kelly Jones","2","1580.02"
2318,"Anthony Kelley","3","1578.09"
495,"Lindsay Stone","2","1571.03"
2257,"Dawn Price","2","1570.09"
1794,"Amber Malone","1","1569.07"
2095,"Joshua Meadows","3","1569.04"
879,"Sharon Clark","2","1568.39"
1058,"Eddie Andrews","3","1565.81"
983,"John Smith","3","1563.31"
2905,"Jason Estrada","2","1559.06"
1892,"Cory Contreras","2","1555.97"
176,"Marisa Turner","1","1553.30"
452,"Calvin Miller","1","1553.10"
2030,"Curtis Lee","2","1552.15"
718,"Randall Thomas","1","1548.34"
2158,"Katherine Cross","2","1545.92"
2604,"Amber Brown","1","1541.37"
2517,"Anthony Perry","1","1536.53"
1035,"Matthew Cox","1","1536.16"
179,"Brianna Clark","1","1532.62"
1578,"Martin Walker","2","1529.61"
1994,"Kendra Phillips","2","1528.22"
2729,"Sandra Williams","2","1528.20"
2643,"Jose Oconnell","2","1528.16"
849,"Christopher Byrd","1","1526.66"
621,"Thomas Brown","3","1521.07"
948,"Joseph Clark","1","1517.92"
410,"Allison Mason","1","1517.24"
1030,"Paul Werner","2","1516.78"
1091,"Melody Willis","1","1516.70"
1509,"Jamie Brown","1","1515.99"
2893,"Stacy Cross","2","1507.93"
1920,"Martha Owens","1","1500.39"
1797,"Mrs. Rhonda Berry","1","1499.03"
1753,"Jessica Montgomery","3","1493.27"
222,"Timothy Flynn","1","1491.97"
1187,"Preston Brennan","1","1490.76"
1984,"Christopher Gutierrez","1","1489.80"
1446,"Linda Rodriguez","2","1485.46"
903,"Tracy Johnston","2","1483.26"
780,"Joy Hill","1","1480.17"
778,"Angel Perkins","2","1478.68"
184,"Samuel Fisher","1","1471.64"
874,"Marie Ewing","2","1469.87"
1107,"Samantha Mann","2","1467.17"
1608,"Megan Jones","2","1466.79"
2181,"Samantha Mckenzie","3","1462.96"
1690,"Joseph Austin","1","1461.52"
473,"James Wright","2","1457.62"
2652,"Christopher Peterson","3","1456.66"
2156,"Nicholas Smith","1","1456.57"
1806,"Joseph Crosby","1","1456.39"
756,"Oscar Hunt","2","1456.08"
2785,"Tyler Castaneda","1","1453.60"
959,"James Moore","1","1440.56"
65,"Lisa Sullivan","1","1437.10"
834,"Jacqueline Mullins","1","1434.33"
2274,"Dustin Gentry","1","1433.97"
1594,"Christina Nelson","1","1432.46"
1957,"Julie Young","1","1425.87"
1699,"Kelly Larson","1","1425.15"
881,"Alexis Sandoval","2","1421.04"
1739,"Heather White","1","1421.03"
1556,"Juan Taylor","2","1420.93"
1947,"Richard Perez","2","1420.79"
1095,"John Blackwell","2","1419.99"
2184,"Amanda Wells","1","1416.46"
2935,"Dr. Destiny Mosley DDS","2","1415.06"
2425,"Kevin Hamilton","3","1413.62"
266,"John Hunter","1","1410.47"
1266,"Richard Gutierrez","1","1410.15"
198,"Dr. Rebecca Richardson PhD","1","1408.48"
2689,"Jessica Bryan","1","1403.51"
2104,"Mary Greene","2","1403.37"
859,"Jordan Foster","2","1400.51"
1110,"Alicia Klein","3","1398.73"
682,"Christopher Graves","1","1398.36"
586,"James Wise","2","1396.76"
1632,"Joseph Vaughn","1","1396.26"
2732,"Jennifer Higgins MD","2","1382.20"
2133,"Jessica Brooks","1","1380.20"
348,"Bryan Young","1","1379.96"
480,"Charles Thompson","1","1379.17"
748,"Rodney Wall","1","1364.04"
2651,"Dr. Adam Harrison","2","1360.24"
1411,"Kevin Floyd","2","1359.77"
87,"Sylvia Wilson","2","1346.26"
1981,"Katherine Bell","2","1345.73"
203,"Dr. Wendy Johnston","1","1343.34"
1491,"Lindsay Booth","1","1330.18"
2853,"Mary Diaz","1","1328.02"
2132,"Caitlyn Colon","2","1323.35"
1790,"Kathy Valentine","1","1318.65"
58,"Elizabeth Andrews","1","1316.72"
429,"Teresa Hardy","2","1310.88"
1096,"Stephen Massey","2","1305.75"
244,"Kayla Parker","2","1297.93"
2334,"Scott Peterson","1","1294.54"
2268,"Anthony Farrell","1","1293.26"
2483,"Michele Rosario","2","1292.75"
575,"Stephanie Anderson","1","1290.89"
2289,"Megan Wolf","2","1284.49"
1589,"Brandon Morris","2","1284.15"
1847,"Jenna Novak","2","1280.47"
689,"Kimberly Williams","1","1280.32"
1362,"Keith Chambers","1","1278.02"
1998,"Nancy Bell DVM","2","1277.09"
1891,"Christopher Pollard","2","1263.72"
2386,"Lee Harrell","1","1261.14"
2553,"Kevin Martinez","1","1259.07"
2631,"Erica Miranda","3","1258.67"
2295,"Diana Orr MD","1","1258.42"
2794,"Richard Moore","2","1255.74"
1706,"Jeffrey Brown","2","1253.48"
1319,"Jeffrey Harris","1","1248.85"
431,"Jordan Hernandez","1","1248.31"
625,"Christopher Jackson","1","1248.24"
419,"Jerome Peterson","2","1247.47"
2445,"Brianna Booth","1","1245.88"
2580,"Morgan Reed","2","1244.68"
955,"James Conner","2","1243.73"
901,"Susan Jones","1","1243.67"
334,"William Foster","1","1241.60"
1395,"Pamela Schmitt","1","1240.16"
1022,"Richard Kennedy PhD","2","1235.66"
655,"Elaine Blanchard","2","1234.23"
843,"Todd Bell","1","1234.03"
763,"David Moore","1","1220.21"
1936,"Adam Ayers","1","1217.72"
1626,"Shelley Edwards","2","1207.90"
2245,"Nicole Mercer","1","1207.23"
1196,"Gregory Meyer","3","1206.45"
1447,"Brandon Thomas","1","1205.36"
1400,"Craig Wilkinson","2","1202.70"
2628,"Nancy Goodwin","2","1195.67"
2985,"Tammy Lowe","2","1194.74"
1076,"Debra Powers","1","1188.78"
4,"Karina Cooper","1","1186.12"
642,"Shannon Davis","1","1183.10"
2292,"Morgan Bradley","2","1180.55"
2797,"Anthony Guerrero","1","1172.57"
349,"Miss Jennifer Horn","1","1172.19"
1733,"Keith Taylor","1","1161.39"
1726,"Stacie Juarez","2","1160.20"
2478,"Ralph West","1","1158.88"
2706,"Christopher Bernard DDS","1","1157.51"
474,"Michael Munoz","1","1155.25"
932,"Daniel Daniels","1","1155.07"
2,"Ashley Gibbs","1","1152.98"
2194,"Joseph Garcia","2","1149.21"
2582,"Joshua Gonzalez","2","1144.95"
2749,"Kelly Beck","2","1136.39"
2530,"Marilyn Moran","1","1136.06"
36,"Jasmine Wolf","1","1130.06"
1691,"Ethan Pruitt","1","1126.81"
2058,"Mark Mason","1","1125.32"
1429,"Ms. Christine Sandoval","1","1119.31"
68,"Shannon Morris","1","1117.99"
254,"Elaine Gonzalez","2","1113.65"
1661,"Marissa Lee","2","1109.84"
1210,"Debbie Cohen","1","1102.03"
546,"Sabrina Gregory","1","1089.94"
645,"Laura Ochoa","1","1089.46"
2470,"Victoria Johnson","2","1085.55"
1505,"Amy Ortiz","1","1083.78"
2101,"Brandon Hays","1","1081.13"
1763,"Raymond Key","2","1080.11"
2021,"Katherine Patterson","1","1077.18"
2878,"Richard Fowler","1","1075.65"
2921,"Richard Jackson","2","1068.17"
999,"Amber Oconnor","1","1067.35"
1216,"Savannah Thomas","2","1065.93"
1637,"William Little","1","1058.93"
772,"Jason Richards","2","1054.66"
2890,"Carol King","2","1051.99"
554,"Alan Wilson","1","1045.23"
2172,"Nicholas Gonzalez","3","1044.66"
1479,"Anthony Gomez","1","1041.16"
1161,"Joy Cervantes","1","1038.76"
2031,"Melanie Medina","2","1037.66"
1705,"Melissa Mcguire","2","1037.44"
60,"Rachel Brewer","2","1028.78"
2773,"Nancy Soto","1","1028.33"
292,"Robert Johnson","1","1027.03"
823,"Richard Wilson","3","1025.03"
2572,"Erik Hall","2","1024.32"
2662,"Peter Douglas","1","1021.63"
2331,"Philip Rivers","1","1021.09"
2569,"Emily Wilkerson","2","1016.05"
246,"Cathy Lewis","2","1006.33"
1872,"Toni Parks","1","993.58"
1926,"Nicholas Simmons","1","978.17"
2064,"Taylor Curtis","2","975.46"
2085,"Steven Goodwin","2","973.88"
1776,"Kelly Roberts","1","966.72"
785,"Susan Salinas","2","946.72"
370,"John Costa","1","940.29"
1558,"Angela Richardson","1","939.18"
2424,"Susan Owens","1","938.72"
788,"Emily Coffey","1","938.65"
996,"Lisa Ruiz","1","937.91"
1403,"Edgar Alvarado","1","936.62"
781,"James Padilla","1","936.10"
1009,"Ariana Harris","2","935.13"
1213,"Sandra Johnson","1","934.25"
127,"Paula Hanson","2","934.17"
1441,"Thomas Miller","1","931.95"
588,"Devin Martinez","1","931.24"
277,"Diane Daugherty","2","930.23"
1131,"Donna Davis","1","927.36"
551,"Tamara Perkins","1","921.61"
2163,"Teresa Long","1","920.06"
2775,"Mrs. Nicole Calhoun","1","915.35"
1192,"Colleen Case","2","903.61"
331,"Brian Mercado","2","888.91"
799,"Crystal Harris","2","885.00"
1355,"Paige Ayala","1","882.69"
2109,"Anita Fox","2","878.79"
131,"Natalie Adams","2","878.62"
2766,"Misty Velasquez","1","876.20"
2926,"Glenn Davis","1","866.76"
1954,"Angela Farmer","1","865.97"
2176,"Kimberly Hunt","1","865.06"
1988,"Jennifer Huffman","1","864.09"
536,"Raven Howell","1","858.34"
579,"Scott Harris","1","853.67"
1271,"Joe Schmitt","1","850.52"
357,"Cindy Carrillo","1","838.50"
253,"Julie Foster","1","831.12"
1281,"Julia Bailey","1","829.92"
2885,"Robert Peters","1","827.79"
2437,"Jane Fields","1","827.58"
913,"Vanessa Adams","2","813.11"
1265,"Ricky Fox","2","807.41"
389,"April Lucas","1","807.13"
262,"Zachary Wilson","1","794.60"
201,"Megan Holmes","1","794.01"
1686,"Marcus Salazar","1","788.67"
636,"Stephanie Hill","1","780.11"
918,"Christopher Evans","1","779.83"
1242,"Robin Hall","1","778.30"
1658,"Kayla Butler","2","777.02"
2492,"Kelly Garrett","1","775.79"
2490,"Tara Calhoun","1","762.12"
316,"Charles Sellers","2","754.31"
534,"Angela Thompson","1","749.10"
426,"Brian Cook","1","748.93"
1919,"Hector Noble","1","744.64"
255,"Tammy Martin","1","744.02"
2721,"Jesse Pope","1","741.36"
177,"Christopher Diaz","2","738.99"
2020,"Justin Johnson","2","735.45"
1900,"Erika Carlson","3","729.26"
2090,"Ricky Vega","1","726.07"
988,"Katie Howell DDS","1","718.63"
2916,"Henry Scott","1","713.58"
1935,"Christina Gray","1","704.67"
2614,"Jesse Fry","2","701.76"
1676,"Jason Valencia","1","689.77"
98,"Carolyn Mccoy","2","677.94"
595,"Denise Hansen","1","676.99"
2629,"Paul Townsend","1","667.58"
2751,"Sara Owens","1","665.47"
294,"Matthew Smith","1","663.10"
1453,"Julie Wood","2","661.93"
1118,"William Martin","2","658.15"
985,"Michael Mendez","1","657.68"
713,"Michael Smith","1","657.42"
1695,"Mark Watson","1","654.73"
2381,"Christine Barrett","1","653.46"
1492,"Casey Davis","1","653.07"
1894,"Steven Parker","1","652.65"
2426,"Cynthia Morales","1","651.34"
975,"Samuel Cobb","1","648.78"
2387,"Kim Luna","3","646.83"
784,"Dr. Mason Khan Jr.","1","640.27"
24,"Bradley Baldwin","1","636.20"
303,"Erica Bruce","1","634.68"
380,"Melissa Garcia","2","626.53"
2523,"Jeffrey Carrillo","2","619.04"
1979,"James Mcdonald","1","618.95"
416,"Mary Smith","1","614.46"
2420,"Michelle Hamilton","1","608.01"
1882,"Brett Good","1","607.70"
2341,"Stephanie Gray","1","606.26"
1839,"David Torres","1","602.00"
2135,"Jeffrey Fischer","1","592.67"
111,"Michael Lopez","1","582.78"
2129,"Tammy Zamora","1","573.05"
1244,"Krystal Vang","1","564.95"
2435,"Xavier Hodges","1","563.15"
2858,"Stephanie Stevenson","1","561.16"
340,"Jennifer Sheppard","1","556.71"
160,"Patrick Walsh","1","547.36"
2624,"Juan Diaz","1","543.47"
2750,"Daisy Allen DDS","1","543.41"
2417,"Kim Francis","1","540.27"
1616,"Daniel Robinson","1","539.34"
1735,"Kevin Shaffer","2","539.25"
641,"Alicia Stewart","1","537.02"
993,"Briana Mccoy","1","521.48"
412,"Michael Chandler","1","520.57"
2050,"Stephen Morales","1","509.00"
1929,"Valerie Hopkins","1","502.36"
837,"Mrs. Kimberly Lamb","1","495.49"
885,"Joshua Hernandez","1","489.93"
2463,"Barbara Hernandez","1","489.34"
858,"Cassie White","1","488.13"
2210,"Lisa Ferguson","1","487.60"
2436,"Brenda Jones","1","486.30"
2279,"Kyle Miranda","1","486.23"
1772,"Ann Fisher","2","486.11"
1921,"Susan Branch","1","484.76"
2948,"Monique Jones","1","483.16"
1197,"Richard Rogers","2","481.88"
2802,"Miss Marie Johnston","1","468.43"
749,"Ronald Richards","1","467.40"
2957,"Aaron Green","1","466.34"
2253,"Amanda Mooney","1","459.74"
2038,"Ashley Mcfarland","1","457.44"
2552,"Jessica Oliver","1","452.90"
212,"Donald Sherman","1","452.39"
1992,"Jason Estrada","1","435.18"
1142,"Adriana Clark","1","422.43"
1652,"Stephanie Scott","1","415.22"
1748,"Tammy Myers","2","408.71"
1176,"Kevin Wallace","1","379.29"
2774,"Douglas Le","1","372.37"
671,"Mandy Maldonado","1","372.27"
1292,"Michael Fuller","1","371.92"
1515,"Rebecca Martinez","1","346.14"
904,"Rodney Henry","1","342.98"
2476,"Yolanda Henson","1","341.58"
187,"Jennifer Gutierrez","1","341.30"
966,"Mr. Matthew Martin","1","336.70"
178,"Jacob Lee","1","331.00"
1448,"Gregory Hancock","1","330.24"
2497,"Paul Sandoval","1","328.12"
2770,"Sydney Diaz","1","318.19"
2871,"Donald Garcia","1","311.73"
1463,"James Brown","1","311.62"
1555,"Ashley Solomon","1","310.47"
2709,"Julia Rowe","1","307.48"
2438,"Daniel Gates","1","304.73"
1970,"Paul Jones","1","296.21"
2192,"Brett Moreno","1","293.29"
965,"Clinton Richardson","1","285.38"
1434,"John Fowler","1","284.62"
2365,"Jason Collins","1","283.18"
2830,"Connor Hickman","1","282.61"
1553,"William Scott","1","282.35"
2956,"Steven Hernandez","1","269.29"
1320,"Amy Hughes","1","269.14"
1551,"Shawn Torres","1","265.72"
757,"Aaron Johnson","1","254.93"
2188,"Joshua Davis","1","250.31"
2134,"Mr. Michael George","1","247.22"
2630,"Kelly Rogers","1","244.60"
445,"Heather Warren","2","242.20"
2740,"Paul Mayo","1","241.58"
2888,"Juan Griffith","1","218.05"
2414,"Ashley Duran","1","216.67"
629,"Sydney Tyler","1","212.03"
1025,"Michelle Torres","1","211.28"
2570,"Ashley Harris","1","209.36"
2767,"John Wall","1","193.38"
2735,"Tami Murray","1","178.77"
1653,"Antonio Phillips","1","178.30"
1975,"Jay Kim","1","165.91"
1908,"Travis Bell","1","163.39"
2730,"Cindy Wright","1","158.56"
2722,"Christopher Davis","1","154.31"
1743,"Bruce Summers","1","148.24"
1122,"Darlene Shields","1","146.95"
325,"James Cooper MD","1","145.32"
2246,"Mary Smith","1","133.60"
